date,reactor_id,reactor_type,run_day,manure_fed_kg,water_kg,air_temp_in_situ,digester_temp,pH,TS,ash,VS_wet,VS_dry,TAN,CH4_pct,CO2_pct,acetate,VFA,y_biogas_STP,y_CH4_STP,y_CH4_per_gVS,manure_water_ratio,daily_mean_air_temp,daily_max_air_temp,daily_min_air_temp,daily_solar,daily_precip,daily_atm_p,daily_vpd,daily_wind,daily_temp_range
2024-04-22,R2-FLEX,FLEX,,20.0,30.0,23.4,25.1,,,,,,,,,,,0.0,0.0,0.0,0.6666666666666666,18.634375,24.9,15.6,149.7076388888889,45.664,81.5026736111111,0.2607638888888888,0.824516129032258,9.3
2024-04-23,R2-FLEX,FLEX,,20.0,30.0,21.6,24.3,,,,,,,,,,,0.0,0.0,0.0,0.6666666666666666,18.97152777777778,24.4,16.0,136.0076388888889,30.557,81.4667013888889,0.2401041666666666,0.9626136363636364,8.399999999999999
2024-04-24,R2-FLEX,FLEX,,20.0,30.0,27.8,22.4,,,,,,,,,,,0.0,0.0,0.0,0.6666666666666666,18.105555555555554,24.1,15.5,138.92291666666668,29.974,81.44788194444445,0.1889236111111111,0.7051041666666666,8.600000000000001
2024-04-25,R2-FLEX,FLEX,,20.0,30.0,22.0,22.9,,,,,,,,,,,575.6135593220339,0.0,0.0,0.6666666666666666,19.136458333333334,24.1,16.1,177.97222222222223,13.837,81.39743055555556,0.2988194444444444,0.7764583333333334,8.0
2024-04-26,R2-FLEX,FLEX,,20.0,30.0,22.1,21.7,,,,,,,,,,,301.58590308370043,0.0,0.0,0.6666666666666666,17.441666666666666,23.1,15.8,101.18472222222222,5.101,81.48579861111111,0.1819791666666667,0.6486111111111111,7.300000000000001
2024-04-27,R2-FLEX,FLEX,,20.0,30.0,24.7,23.0,,,,,,,,,,,117.37991266375546,0.0,0.0,0.6666666666666666,18.668750000000003,25.0,14.9,168.24444444444444,5.206,81.41732638888888,0.3104513888888889,0.8275694444444445,10.1
2024-04-29,R2-FLEX,FLEX,,20.0,30.0,22.4,24.2,,,,,,,,,,,402.9383886255925,0.0,0.0,0.6666666666666666,17.710416666666667,22.8,14.4,102.90347222222222,28.601,81.5292013888889,0.1784375,0.7272432432432432,8.4
2024-04-30,R2-FLEX,FLEX,,20.0,30.0,26.3,23.1,,,,,,,,,,,344.7844971600401,0.0,0.0,0.6666666666666666,19.246180555555554,25.9,15.4,182.67777777777772,11.261,81.40770833333333,0.3294444444444444,0.6211111111111111,10.499999999999998
2024-05-01,R2-FLEX,FLEX,,20.0,30.0,26.5,23.7,,,,,,,,,,,145.84307178631053,0.0,0.0,0.6666666666666666,19.08194444444445,24.3,16.0,139.19722222222222,59.883,81.35878472222223,0.2757291666666666,0.5873263888888889,8.3
2024-05-02,R2-FLEX,FLEX,,20.0,30.0,21.3,23.5,,,,,,,,,,,421.1416921508665,0.0,0.0,0.6666666666666666,18.856250000000003,26.2,16.4,129.36111111111111,20.465,81.38517361111111,0.2534375,0.6594791666666667,9.8
2024-05-03,R2-FLEX,FLEX,,20.0,30.0,24.5,24.1,,,,,,,,,,,263.3647058823529,0.0,0.0,0.6666666666666666,19.53993055555556,24.7,16.4,173.70069444444445,5.905,81.45854166666668,0.3486458333333333,0.7819791666666667,8.3
2024-05-04,R2-FLEX,FLEX,,20.0,30.0,24.1,24.0,,,,,,,,,,,276.58364187142377,0.0,0.0,0.6666666666666666,18.277083333333334,24.4,15.8,104.20208333333332,29.177,81.59826388888888,0.2517013888888889,0.6540972222222222,8.599999999999998
2024-05-06,R2-FLEX,FLEX,,20.0,30.0,24.4,23.8,,,,,,,,,,,369.0181573638198,0.0,0.0,0.6666666666666666,17.500347222222224,23.1,14.8,124.59166666666668,22.468,81.64086805555556,0.2220486111111111,0.8114930555555556,8.3
2024-05-07,R2-FLEX,FLEX,,20.0,30.0,19.6,,,,,,,,,,,,-109633.85167464112,0.0,0.0,0.6666666666666666,18.01944444444445,21.6,16.1,77.64305555555556,23.067,81.66024305555555,0.1868402777777777,0.9112847222222222,5.5
2024-05-08,R2-FLEX,FLEX,,20.0,30.0,20.3,,,,,,,,,,,,0.0,0.0,0.0,0.6666666666666666,17.633680555555557,21.5,15.0,92.45972222222224,0.0,81.5936111111111,0.2074305555555555,1.135486111111111,6.5
2024-05-09,R2-FLEX,FLEX,,20.0,30.0,0.0,,,,,,,,,,,,0.0,0.0,0.0,0.6666666666666666,17.731250000000003,21.5,14.7,102.89513888888888,0.0,81.55402777777778,0.2844791666666666,1.141111111111111,6.800000000000001
2024-05-10,R2-FLEX,FLEX,,20.0,30.0,0.0,22.3,,,,,,,,,,,117727.0,0.0,0.0,0.6666666666666666,17.88784722222222,22.6,15.9,92.20833333333331,0.204,81.60708333333334,0.2435763888888889,0.909652777777778,6.700000000000001
2024-05-11,R2-FLEX,FLEX,,20.0,20.0,0.0,20.5,,,,,,,,,,,100.0,0.0,0.0,1.0,19.496875000000003,25.2,15.2,199.8722222222222,0.017,81.66368055555556,0.4635763888888888,0.9291666666666668,10.0
2024-05-13,R2-FLEX,FLEX,,20.0,20.0,20.2,24.5,,,,,,,,,,,94.04160982264666,0.0,0.0,1.0,19.31631944444445,24.7,15.2,191.48194444444445,0.0,81.61340277777778,0.5412152777777778,0.844375,9.5
2024-05-14,R2-FLEX,FLEX,,20.0,20.0,26.2,24.8,,,,,,,,,,,169.7125668449198,0.0,0.0,1.0,19.054861111111112,24.3,15.6,174.80763888888887,0.476,81.62076388888889,0.4636458333333333,0.8808680555555556,8.700000000000001
2024-05-15,R2-FLEX,FLEX,,20.0,20.0,25.0,22.8,,,,,,,,,,,684.3322147651006,0.0,0.0,1.0,18.96423611111111,24.7,15.3,141.26319444444445,0.102,81.67739583333334,0.3770833333333333,0.7330208333333333,9.4
2024-05-16,R2-FLEX,FLEX,,20.0,20.0,25.2,22.2,,,,,,,,,,,358.8732394366197,0.0,0.0,1.0,18.45659722222222,25.3,14.3,131.27638888888887,12.639,81.71545138888888,0.3596527777777777,0.7402777777777777,11.0
2024-05-17,R2-FLEX,FLEX,,20.0,20.0,24.5,22.8,,,,,,,,,,,374.4,0.0,0.0,1.0,19.09861111111111,24.6,14.6,167.7173611111111,0.153,81.63090277777778,0.3497222222222222,0.8503125,10.000000000000002
2024-05-18,R2-FLEX,FLEX,,20.0,20.0,26.3,23.1,,,,,,,,,,,330.1904443701971,0.0,0.0,1.0,19.232291666666665,24.4,14.4,134.51388888888889,6.052,81.61413194444444,0.3761458333333333,0.8259745762711864,9.999999999999998
2024-05-20,R2-FLEX,FLEX,,20.0,20.0,24.0,22.8,,,,,,,,,,,351.1313131313132,0.0,0.0,1.0,19.278125000000003,24.2,15.1,187.51388888888889,8.5,81.6178125,0.3816666666666666,0.8889236111111111,9.1
2024-05-21,R2-FLEX,FLEX,,20.0,20.0,25.0,24.0,,,,,,,,,,,10.077181208053693,0.0,0.0,1.0,18.88402777777777,24.5,16.1,159.89999999999998,7.831,81.73038194444445,0.3445833333333333,0.9878879310344828,8.399999999999999
2024-05-22,R2-FLEX,FLEX,,20.0,20.0,26.1,23.7,,,,,,,,,,,281.12337011033094,0.0,0.0,1.0,18.25555555555556,22.5,14.7,129.45208333333332,4.251,81.74763888888889,0.3042361111111111,1.051012658227848,7.800000000000001
2024-05-23,R2-FLEX,FLEX,,20.0,20.0,25.0,25.0,,,,,,,,,,,613.7919463087248,0.0,0.0,1.0,17.760416666666668,22.0,14.6,106.44513888888888,0.0,81.70871527777778,0.2743055555555556,1.147951388888889,7.4
2024-05-24,R2-FLEX,FLEX,,20.0,20.0,23.4,24.5,,,,,,,,,,,337.1052631578948,0.0,0.0,1.0,18.14409722222222,24.0,13.4,147.90277777777777,0.544,81.70572916666667,0.3689930555555555,0.9561956521739132,10.6
2024-05-25,R2-FLEX,FLEX,,20.0,20.0,21.9,23.8,,,,,,,,,,,149.04374364191253,0.0,0.0,1.0,17.484722222222224,22.4,15.0,93.13055555555556,25.749,81.70097222222222,0.1951388888888889,0.7010958904109589,7.399999999999999
2024-05-27,R2-FLEX,FLEX,,20.0,20.0,24.2,22.9,,,,,,,,,,,156.15746971736206,0.0,0.0,1.0,19.537847222222226,26.8,13.9,200.7576388888889,1.2240000000000002,81.78520833333333,0.5243055555555556,0.9951041666666666,12.9
2024-05-28,R2-FLEX,FLEX,,20.0,20.0,20.2,24.4,,,,,,,,,,,1613.6050477489769,0.0,0.0,1.0,18.621875000000003,24.7,15.1,165.96319444444444,0.527,81.83913194444443,0.3752430555555556,0.9972916666666668,9.6
2024-05-29,R2-FLEX,FLEX,,20.0,20.0,24.3,24.0,,,,,,,,,,,162.53279515640767,0.0,0.0,1.0,18.33194444444445,23.6,15.2,145.34166666666667,0.238,81.76961805555555,0.3657986111111111,0.9069791666666666,8.400000000000002
2024-05-30,R2-FLEX,FLEX,,20.0,20.0,22.0,23.9,,,,,,,,,,,314.64406779661016,0.0,0.0,1.0,18.42465277777778,24.5,12.7,154.3326388888889,0.221,81.68246527777778,0.3854861111111111,0.928125,11.8
2024-05-31,R2-FLEX,FLEX,,20.0,20.0,22.5,24.1,,,,,,,,,,,481.32994923857865,0.0,0.0,1.0,18.70798611111111,24.3,13.9,175.9090277777778,0.187,81.74815972222223,0.3765625,0.9520138888888888,10.4
2024-06-01,R2-FLEX,FLEX,,20.0,20.0,24.6,24.0,,,,,,,,,,,1.8346774193548383,0.0,0.0,1.0,18.10833333333333,25.0,14.3,165.65694444444443,1.0710000000000002,81.77256944444444,0.3211458333333333,0.905659722222222,10.7
2024-06-03,R2-FLEX,FLEX,,20.0,20.0,26.2,23.7,,,,,,,,,,,377.74732620320856,0.0,0.0,1.0,18.823958333333334,23.5,15.6,126.40833333333332,0.952,81.69121527777777,0.3234722222222222,0.6792708333333333,7.9
2024-06-04,R2-FLEX,FLEX,,20.0,20.0,23.5,22.4,,,,,,,,,,,587.433389544688,0.0,0.0,1.0,18.804513888888888,25.2,15.5,137.7201388888889,0.187,81.67913194444445,0.328125,0.6520833333333333,9.7
2024-06-05,R2-FLEX,FLEX,,20.0,20.0,22.0,23.4,,,,,,,,,,,303.53898305084743,0.0,0.0,1.0,17.960416666666667,23.2,13.9,144.85763888888889,2.7880000000000003,81.6628125,0.2921875,0.828125,9.3
2024-06-06,R2-FLEX,FLEX,,20.0,20.0,25.3,22.8,,,,,,,,,,,491.4549111632584,0.0,0.0,1.0,17.617013888888888,21.7,14.8,93.56180555555557,0.8160000000000001,81.76510416666666,0.3114583333333333,0.8808680555555556,6.899999999999999
2024-06-07,R2-FLEX,FLEX,,20.0,20.0,22.4,22.1,,,,,,,,,,,204.24170616113747,0.0,0.0,1.0,18.01284722222222,24.7,14.2,155.43194444444444,0.255,81.81798611111111,0.3282291666666667,0.7253472222222223,10.5
2024-06-08,R2-FLEX,FLEX,,20.0,20.0,19.4,23.1,,,,,,,,,,,522.8454172366621,0.0,0.0,1.0,17.073958333333334,22.8,14.4,133.28194444444443,0.153,81.76618055555555,0.2174652777777778,0.7773611111111111,8.4
2024-06-10,R2-FLEX,FLEX,,20.0,20.0,22.8,22.0,,,,,,,,,,,455.9229208924949,0.0,0.0,1.0,17.537152777777777,21.6,14.0,131.03055555555557,0.119,81.81920138888889,0.4066319444444444,0.7794097222222223,7.600000000000001
2024-06-11,R2-FLEX,FLEX,,20.0,20.0,19.4,22.8,,,,,,,,,,,758.1258549931601,0.0,0.0,1.0,16.911805555555556,20.9,12.0,129.67916666666667,0.102,81.84677083333332,0.4238194444444444,0.8822916666666667,8.899999999999999
2024-06-12,R2-FLEX,FLEX,,20.0,20.0,22.1,20.0,,,,,,,,,,,262.73127753303964,0.0,0.0,1.0,16.960416666666667,21.8,12.3,160.28680555555556,0.085,81.87194444444444,0.4258333333333333,0.8272569444444444,9.5
2024-06-13,R2-FLEX,FLEX,,20.0,20.0,23.1,22.8,,,,,,,,,,,350.354609929078,0.0,0.0,1.0,17.0875,23.3,10.7,176.46944444444443,0.068,81.8204513888889,0.4561111111111111,0.7632986111111112,12.6
2024-06-14,R2-FLEX,FLEX,,20.0,20.0,23.2,23.0,,,,,,,,,,,0.0,0.0,0.0,1.0,17.341666666666665,23.2,11.2,173.96805555555557,0.017,81.75454861111112,0.4586805555555555,0.8838541666666667,12.0
2024-06-15,R2-FLEX,FLEX,,20.0,20.0,23.2,23.4,,,,,,,,,,,0.0,0.0,0.0,1.0,17.261805555555554,22.1,12.3,148.97291666666666,0.051,81.62829861111112,0.3544097222222222,0.8703819444444444,9.8
2024-06-17,R2-FLEX,FLEX,,20.0,20.0,23.1,23.9,,,,,,,,,,,88.51063829787233,0.0,0.0,1.0,17.42013888888889,22.5,12.4,173.56597222222223,0.0,81.78243055555555,0.4585763888888888,0.8146180555555556,10.1
2024-06-18,R2-FLEX,FLEX,,20.0,20.0,27.0,22.4,,,,,,,,,,,345.8,0.0,0.0,1.0,16.821180555555557,21.9,11.7,164.48263888888889,0.136,81.81600694444444,0.4767361111111111,0.936875,10.2
2024-06-19,R2-FLEX,FLEX,,20.0,20.0,24.0,22.6,,,,,,,,,,,341.93939393939394,0.0,0.0,1.0,17.211111111111112,22.8,14.0,116.8722222222222,0.0,81.795625,0.3480555555555555,0.9133333333333334,8.8
2024-06-20,R2-FLEX,FLEX,,20.0,20.0,22.6,23.0,,,,,,,,,,,345.4059539918809,0.0,0.0,1.0,16.024305555555557,18.9,14.1,76.48541666666667,5.48,81.9203125,0.235,1.1034375,4.799999999999999
2024-06-21,R2-FLEX,FLEX,,20.0,20.0,23.5,18.4,,,,,,,,,,,200.7217537942664,0.0,0.0,1.0,15.9375,19.8,12.8,138.21458333333334,0.136,81.88788194444444,0.3404861111111111,1.461076388888889,7.0
2024-06-22,R2-FLEX,FLEX,,20.0,20.0,21.0,20.1,,,,,,,,,,,405.7857142857143,0.0,0.0,1.0,15.58472222222222,20.7,12.5,154.78819444444446,0.0,81.80746527777778,0.3682291666666666,1.0271180555555557,8.2
2024-06-24,R2-FLEX,FLEX,,20.0,20.0,18.3,20.7,,,,,,,,,,,694.4490216271885,0.0,0.0,1.0,15.279861111111112,20.9,10.6,148.30416666666667,0.0,81.81572916666667,0.3817013888888889,0.9991666666666666,10.3
2024-06-25,R2-FLEX,FLEX,,20.0,20.0,19.5,21.0,,,,,,,,,,,284.6666666666667,0.0,0.0,1.0,15.346527777777778,22.2,9.4,190.8430555555556,0.085,81.741875,0.451875,1.0078125,12.8
2024-06-26,R2-FLEX,FLEX,,20.0,20.0,19.9,22.1,,,,,,,,,,,315.9679071355412,0.0,0.0,1.0,15.94409722222222,21.0,10.9,138.97361111111113,0.0,81.73708333333333,0.4617708333333333,1.025486111111111,10.1
2024-06-27,R2-FLEX,FLEX,,20.0,20.0,18.4,21.8,,,,,,,,,,,399.1008922443377,0.0,0.0,1.0,15.145833333333334,19.0,12.1,93.90208333333334,0.289,81.88729166666667,0.2858680555555555,1.2167708333333334,6.9
2024-06-28,R2-FLEX,FLEX,,20.0,20.0,21.6,20.8,,,,,,,,,,,445.7331975560081,0.0,0.0,1.0,14.720138888888888,19.7,10.1,140.58819444444444,0.102,81.84979166666668,0.3459722222222222,1.088854166666667,9.6
2024-06-29,R2-FLEX,FLEX,,20.0,20.0,22.8,21.0,,,,,,,,,,,131.0547667342799,0.0,0.0,1.0,16.439930555555556,22.4,12.4,187.99791666666667,0.0,81.75270833333333,0.410625,0.9500347222222224,9.999999999999998
2024-07-01,R2-FLEX,FLEX,,20.0,20.0,16.6,19.0,,,,,,,,,,,717.3791436464088,0.0,0.0,1.0,17.05763888888889,23.0,12.9,200.4875,0.0,81.87291666666667,0.5462847222222222,0.8997916666666667,10.1
2024-07-02,R2-FLEX,FLEX,,20.0,20.0,22.6,19.9,,,,,,,,,,,229.96278755074425,0.0,0.0,1.0,16.99652777777778,22.5,11.3,173.3625,0.0,81.81541666666666,0.5319791666666667,0.9193402777777776,11.2
2024-07-03,R2-FLEX,FLEX,,20.0,20.0,19.3,20.9,,,,,,,,,,,454.84433800889497,0.0,0.0,1.0,17.235763888888886,23.5,11.3,182.69791666666663,40.149,81.7742013888889,0.4747916666666667,0.9857826086956522,12.2
2024-07-04,R2-FLEX,FLEX,,20.0,20.0,22.1,21.0,,,,,,,,,,,424.62555066079295,0.0,0.0,1.0,17.353819444444444,22.9,12.9,170.66805555555555,0.0,81.75746527777778,0.4257291666666666,0.8909722222222223,9.999999999999998
2024-07-05,R2-FLEX,FLEX,,20.0,20.0,21.2,20.9,,,,,,,,,,,566.9714479945616,0.0,0.0,1.0,17.009027777777778,22.7,13.3,159.19236111111113,0.0,81.69565972222222,0.4336805555555555,0.83,9.4
2024-07-06,R2-FLEX,FLEX,,20.0,20.0,23.5,20.2,,,,,,,,,,,517.4569983136594,0.0,0.0,1.0,17.05138888888889,22.6,12.9,111.06944444444444,9.443,81.635625,0.3178819444444444,0.7051736111111111,9.7
2024-07-08,R2-FLEX,FLEX,,20.0,20.0,20.6,21.2,,,,,,,,,,,751.3079019073568,0.0,0.0,1.0,17.422222222222224,24.9,13.4,182.76041666666663,23.188,81.55388888888889,0.3270486111111111,0.9438541666666668,11.499999999999998
2024-07-09,R2-FLEX,FLEX,,20.0,20.0,25.3,21.6,,,,,,,,,,,243.43949044585983,0.0,0.0,1.0,16.80625,21.3,14.4,96.02708333333334,6.65,81.59246527777778,0.2270833333333333,0.7243055555555555,6.9
2024-07-10,R2-FLEX,FLEX,,20.0,20.0,21.9,21.8,,,,,,,,,,,192.5534079348932,0.0,0.0,1.0,15.69652777777778,18.7,13.7,64.6,43.233,81.70260416666666,0.2372916666666666,0.8872222222222222,5.0
2024-07-11,R2-FLEX,FLEX,,20.0,20.0,17.8,21.7,,,,,,,,,,,395.2303988995873,0.0,0.0,1.0,15.334375,20.2,10.3,159.94236111111113,5.151000000000001,81.77104166666668,0.3619444444444444,1.0481944444444444,9.9
2024-07-12,R2-FLEX,FLEX,,20.0,20.0,22.7,18.5,,,,,,,,,,,171.7213391951302,0.0,0.0,1.0,16.408680555555556,22.3,10.2,169.08402777777778,3.621,81.8059375,0.4885416666666666,1.069375,12.1
2024-07-13,R2-FLEX,FLEX,,20.0,20.0,24.1,20.3,,,,,,,,,,,62.48401211713227,0.0,0.0,1.0,16.302777777777777,20.2,14.2,85.91111111111111,0.0,81.82930555555555,0.2953125,0.8831944444444445,6.0
2024-07-15,R2-FLEX,FLEX,,20.0,20.0,20.9,20.4,,,,,,,,,,,418.9282068730861,0.0,0.0,1.0,17.00625,22.4,10.9,157.28819444444446,0.0,81.77690972222223,0.451423611111111,0.7861458333333333,11.499999999999998
2024-07-16,R2-FLEX,FLEX,,20.0,20.0,23.7,20.4,,,,,,,,,,,258.5540950455005,0.0,0.0,1.0,15.61875,18.1,13.8,42.49097222222222,0.0,81.74892361111111,0.2155555555555555,0.7036458333333333,4.300000000000001
2024-07-17,R2-FLEX,FLEX,,20.0,20.0,19.9,21.0,,,,,,,,,,,282.4137931034483,0.0,0.0,1.0,15.894444444444446,19.9,13.6,84.57430555555555,2.006,81.75440972222222,0.1913888888888889,0.734375,6.299999999999999
2024-07-18,R2-FLEX,FLEX,,20.0,20.0,22.4,18.9,,,,,,,,,,,1304.9289099526068,0.0,0.0,1.0,14.51388888888889,17.4,13.7,38.95625,19.163,81.7825,0.1054513888888888,0.7757291666666667,3.6999999999999993
2024-07-19,R2-FLEX,FLEX,,20.0,20.0,17.1,21.4,,,,,,,,,,,485.5842812823164,0.0,0.0,1.0,15.74375,19.2,13.2,97.51597222222222,12.444,81.68375,0.2471875,0.8190277777777778,6.0
2024-07-20,R2-FLEX,FLEX,,20.0,20.0,19.1,21.2,,,,,,,,,,,286.92571037315986,0.0,0.0,1.0,16.242708333333333,20.8,12.7,95.89166666666668,0.204,81.68527777777778,0.2933333333333333,0.8463541666666666,8.100000000000001
2024-07-22,R2-FLEX,FLEX,,20.0,20.0,19.6,20.9,,,,,,,,,,,376.93779904306217,0.0,0.0,1.0,16.923958333333335,22.1,13.4,131.02152777777778,0.0,81.83708333333334,0.3836458333333333,0.8635416666666667,8.700000000000001
2024-07-23,R2-FLEX,FLEX,,20.0,20.0,18.3,19.9,,,,,,,,,,,189.3099897013388,0.0,0.0,1.0,16.069791666666667,21.8,10.8,185.42222222222225,0.0,81.97625,0.4580208333333333,0.8598958333333333,11.0
2024-07-24,R2-FLEX,FLEX,,20.0,20.0,21.1,20.9,,,,,,,,,,,319.31995919755184,0.0,0.0,1.0,15.259722222222225,19.9,11.1,91.31041666666668,0.0,81.88875,0.3198611111111111,0.7874305555555555,8.799999999999999
2024-07-25,R2-FLEX,FLEX,,20.0,20.0,18.8,20.6,,,,,,,,,,,269.4448252227553,0.0,0.0,1.0,17.03402777777778,24.4,10.5,172.63958333333332,0.493,81.65565972222223,0.4054166666666667,0.8419791666666667,13.9
2024-07-26,R2-FLEX,FLEX,,20.0,20.0,18.2,20.8,,,,,,,,,,,210.0,0.0,0.0,1.0,17.501041666666666,25.4,14.5,157.14999999999998,42.215,81.62604166666667,0.2929861111111111,0.7526736111111112,10.9
2024-07-27,R2-FLEX,FLEX,,20.0,20.0,20.2,18.3,,,,,,,,,,,333.3356070941337,0.0,0.0,1.0,15.734375,18.6,13.8,64.5625,44.811,81.7028125,0.1431597222222222,0.8563194444444444,4.800000000000001
2024-07-29,R2-FLEX,FLEX,,20.0,20.0,22.0,20.1,,,,,,,,,,,693.1423728813559,0.0,0.0,1.0,17.454166666666666,22.0,13.0,87.0298611111111,0.119,81.5678125,0.2849305555555556,0.6755902777777778,9.0
2024-07-30,R2-FLEX,FLEX,,20.0,20.0,20.5,20.5,,,,,,,,,,,462.2862010221465,0.0,0.0,1.0,16.617361111111112,21.7,14.2,88.47222222222223,33.17,81.60805555555555,0.2213888888888888,0.8120673076923077,7.5
2024-07-31,R2-FLEX,FLEX,,20.0,20.0,20.6,21.0,,,,,,,,,,,473.28678474114434,0.0,0.0,1.0,15.248611111111112,19.7,11.7,90.74583333333334,5.018,81.69388888888889,0.2106944444444444,0.811070110701107,8.0
2024-08-01,R2-FLEX,FLEX,,20.0,20.0,18.1,18.9,,,,,,,,,,,301.9787014771556,0.0,0.0,1.0,14.883680555555555,20.7,10.4,118.61736111111112,0.136,81.80024305555555,0.28875,0.8899652777777778,10.3
2024-08-02,R2-FLEX,FLEX,,20.0,20.0,19.1,20.5,,,,,,,,,,,286.92571037315986,0.0,0.0,1.0,15.579166666666667,19.8,11.3,106.80902777777776,0.0,81.78840277777778,0.3090625,0.8297222222222222,8.5
2024-08-03,R2-FLEX,FLEX,,20.0,20.0,19.0,21.0,,,,,,,,,,,373.972602739726,0.0,0.0,1.0,16.366666666666667,20.2,13.4,118.52361111111112,0.0,81.75538194444444,0.3238194444444444,0.9982986111111112,6.799999999999999
2024-08-05,R2-FLEX,FLEX,,20.0,20.0,19.1,19.2,,,,,,,,,,,603.758986648408,0.0,0.0,1.0,17.388541666666665,26.0,9.6,235.00625,0.136,81.63586805555556,0.6911111111111111,0.9636805555555557,16.4
2024-08-06,R2-FLEX,FLEX,,20.0,20.0,23.3,18.9,,,,,,,,,,,566.6385420182247,0.0,0.0,1.0,17.288194444444443,24.8,10.8,160.59444444444443,0.119,81.63746527777778,0.5322916666666667,0.9267708333333334,14.0
2024-08-07,R2-FLEX,FLEX,,20.0,20.0,26.1,22.2,,,,,,,,,,,327.6730190571715,0.0,0.0,1.0,16.448958333333334,21.7,10.8,159.25,0.017,81.6778125,0.4502777777777778,1.0095486111111112,10.9
2024-08-08,R2-FLEX,FLEX,,20.0,20.0,26.1,18.6,,,,,,,,,,,543.9919759277833,0.0,0.0,1.0,15.87326388888889,18.7,14.0,65.17083333333333,4.063,81.68802083333334,0.1894791666666666,0.7853472222222222,4.699999999999999
2024-08-09,R2-FLEX,FLEX,,20.0,20.0,20.9,17.3,,,,,,,,,,,414.2837699897925,0.0,0.0,1.0,15.419791666666663,17.7,14.0,58.43055555555556,2.244,81.73399305555556,0.1151388888888889,0.8594791666666667,3.6999999999999993
2024-08-10,R2-FLEX,FLEX,,20.0,20.0,16.4,18.0,,,,,,,,,,,519.775397373877,0.0,0.0,1.0,15.988541666666666,21.4,13.0,143.59583333333333,0.017,81.744375,0.2752777777777778,0.9682291666666668,8.399999999999999
2024-08-12,R2-FLEX,FLEX,,20.0,20.0,16.2,17.8,,,,,,,,,,,939.2634854771784,0.0,0.0,1.0,16.264930555555555,21.9,13.8,83.48541666666667,0.085,81.59732638888889,0.2506597222222222,0.8111458333333333,8.099999999999998
2024-08-13,R2-FLEX,FLEX,,20.0,20.0,17.6,19.0,,,,,,,,,,,504.4769442532691,0.0,0.0,1.0,17.014583333333334,22.7,13.5,142.57222222222222,0.0,81.66416666666666,0.4165625,0.8456944444444444,9.2
2024-08-14,R2-FLEX,FLEX,,20.0,20.0,18.4,17.9,,,,,,,,,,,231.4035689773508,0.0,0.0,1.0,17.42638888888889,23.4,12.9,160.10902777777778,0.0,81.64725694444445,0.4255555555555556,0.7254513888888889,10.499999999999998
2024-08-15,R2-FLEX,FLEX,,20.0,20.0,21.7,22.0,,,,,,,,,,,592.874109263658,0.0,0.0,1.0,17.304861111111112,22.9,14.1,140.48194444444445,0.0,81.70309027777779,0.3462847222222222,0.8311805555555556,8.799999999999999
2024-08-16,R2-FLEX,FLEX,,20.0,20.0,20.4,20.9,,,,,,,,,,,355.43967280163605,0.0,0.0,1.0,16.986458333333335,22.0,14.0,116.39791666666666,0.221,81.74118055555556,0.38625,0.8304513888888888,8.0
2024-08-17,R2-FLEX,FLEX,,20.0,20.0,17.8,21.0,,,,,,,,,,,331.39270976616234,0.0,0.0,1.0,16.403125000000003,22.7,10.4,160.10069444444446,0.051,81.68444444444444,0.5339583333333333,0.9672916666666668,12.3
2024-08-19,R2-FLEX,FLEX,,20.0,20.0,23.3,19.3,,,,,,,,,,,693.7867026662166,0.0,0.0,1.0,15.767013888888888,22.7,9.3,170.2513888888889,0.085,81.79642361111111,0.4767013888888888,0.9527083333333332,13.4
2024-08-20,R2-FLEX,FLEX,,20.0,20.0,18.5,22.1,,,,,,,,,,,653.7015437392796,0.0,0.0,1.0,16.16111111111111,21.8,11.2,110.16041666666666,0.0,81.7709375,0.4032986111111111,0.7400694444444444,10.6
2024-08-21,R2-FLEX,FLEX,,20.0,20.0,21.6,19.1,,,,,,,,,,,329.89816700611,0.0,0.0,1.0,15.266319444444443,18.3,13.2,61.07083333333334,0.0,81.6711111111111,0.3121180555555555,0.8912152777777779,5.100000000000001
2024-08-22,R2-FLEX,FLEX,,20.0,20.0,15.8,20.8,,,,,,,,,,,316.67243767313016,0.0,0.0,1.0,15.710763888888888,20.5,12.9,108.94236111111113,0.578,81.6854861111111,0.3245138888888889,0.7725347222222223,7.6
2024-08-23,R2-FLEX,FLEX,,20.0,20.0,16.0,20.6,,,,,,,,,,,408.083044982699,0.0,0.0,1.0,15.923958333333337,20.0,12.8,92.77638888888887,0.034,81.74090277777778,0.3332638888888889,0.8298263888888889,7.199999999999999
2024-08-24,R2-FLEX,FLEX,,20.0,20.0,19.1,18.7,,,,,,,,,,,292.5333789798014,0.0,0.0,1.0,15.507638888888888,18.6,13.4,57.23194444444445,0.0,81.81902777777778,0.3025694444444444,0.7604861111111112,5.200000000000001
2024-08-26,R2-FLEX,FLEX,,20.0,20.0,16.2,17.7,,,,,,,,,,,690.0518672199171,0.0,0.0,1.0,16.156944444444445,20.9,13.0,115.22361111111113,0.0,81.83121527777777,0.3667361111111111,0.8623611111111111,7.899999999999999
2024-08-27,R2-FLEX,FLEX,,20.0,20.0,17.1,19.1,,,,,,,,,,,510.0517063081696,0.0,0.0,1.0,17.530555555555555,22.1,14.9,135.30347222222224,0.0849999999999999,81.83993055555555,0.3815972222222222,0.9602777777777778,7.200000000000001
2024-08-28,R2-FLEX,FLEX,,20.0,20.0,20.2,19.0,,,,,,,,,,,305.4024556616644,0.0,0.0,1.0,18.48888888888889,24.2,14.4,185.35625,0.0,81.82357638888888,0.506875,1.0154166666666666,9.8
2024-08-29,R2-FLEX,FLEX,,20.0,20.0,22.9,19.1,,,,,,,,,,,543.4166948293342,0.0,0.0,1.0,18.82986111111111,25.6,14.7,190.75833333333333,0.0,81.76934027777777,0.6009722222222222,0.9830902777777778,10.900000000000002
2024-08-30,R2-FLEX,FLEX,,20.0,20.0,22.1,20.4,,,,,,,,,,,479.20704845814976,0.0,0.0,1.0,18.23090277777778,24.3,14.2,187.425,0.0,81.79670138888889,0.6034375,1.0077083333333334,10.1
2024-08-31,R2-FLEX,FLEX,,20.0,20.0,21.7,19.4,,,,,,,,,,,504.8693586698338,0.0,0.0,1.0,16.93402777777778,22.5,12.0,166.52152777777778,0.0,81.81024305555555,0.5228472222222222,1.19625,10.5
2024-09-02,R2-FLEX,FLEX,,20.0,20.0,18.1,20.6,,,,,,,,,,,448.27894194434896,0.0,0.0,1.0,15.999305555555557,20.2,12.1,85.70347222222222,0.0,81.8528125,0.3901388888888888,0.7965972222222222,8.1
2024-09-03,R2-FLEX,FLEX,,20.0,20.0,18.3,21.0,,,,,,,,,,,911.8743563336766,0.0,0.0,1.0,16.779861111111114,20.6,14.3,84.11944444444445,0.0,81.78472222222223,0.3541666666666667,0.8680902777777777,6.300000000000001
2024-09-04,R2-FLEX,FLEX,,20.0,20.0,16.3,18.0,,,,,,,,,,,395.39232630487385,0.0,0.0,1.0,15.417708333333334,19.3,13.6,62.04583333333333,10.0,81.8176388888889,0.22,0.9241319444444444,5.700000000000001
2024-09-05,R2-FLEX,FLEX,,20.0,20.0,19.6,21.2,,,,,,,,,,,251.9138755980861,0.0,0.0,1.0,16.683333333333334,21.3,12.5,104.90972222222224,0.0,81.78065972222223,0.4536458333333333,0.8354861111111112,8.8
2024-09-06,R2-FLEX,FLEX,,20.0,20.0,20.0,20.8,,,,,,,,,,,264.6143344709898,0.0,0.0,1.0,16.79340277777778,20.2,14.1,118.73958333333331,0.0,81.8528125,0.3759027777777778,1.155486111111111,6.1
2024-09-07,R2-FLEX,FLEX,,20.0,20.0,23.6,21.0,,,,,,,,,,,254.95954146999324,0.0,0.0,1.0,17.71527777777778,23.1,12.5,187.3763888888889,0.0,81.87934027777777,0.5688888888888889,0.9213888888888888,10.6
2024-09-08,R2-FLEX,FLEX,,20.0,20.0,0.0,,,,,,,,,,,,-162011.0,0.0,0.0,1.0,18.276041666666668,25.3,13.9,170.81875000000002,0.034,81.83545138888888,0.6507291666666667,0.8527777777777777,11.4
2024-09-09,R2-FLEX,FLEX,,20.0,20.0,0.0,,,,,,,,,,,,0.0,0.0,0.0,1.0,19.013541666666665,26.5,12.3,220.28819444444449,0.0,81.760625,0.7691666666666667,0.8623611111111111,14.2
2024-09-10,R2-FLEX,FLEX,,20.0,20.0,0.0,,,,,,,,,,,,0.0,,,1.0,19.040972222222223,26.3,12.2,249.63541666666663,0.017,81.73395833333333,0.7567708333333333,1.026111111111111,14.1
2024-09-11,R2-FLEX,FLEX,,20.0,20.0,0.0,,,,,,,,,,,,0.0,0.0,0.0,1.0,18.515972222222224,26.2,12.0,244.27916666666664,0.068,81.69600694444445,0.9115972222222224,1.060277777777778,14.2
2024-09-12,R2-FLEX,FLEX,,20.0,20.0,0.0,20.1,,,,,,,,,,,164872.0,0.0,0.0,1.0,18.234375,25.7,12.5,193.63472222222225,0.0,81.74260416666667,0.7033680555555555,0.9269444444444443,13.2
2024-09-13,R2-FLEX,FLEX,,20.0,20.0,0.0,20.8,,,,,,,,,,,469.0,0.0,0.0,1.0,18.152083333333334,25.9,11.9,224.09722222222223,0.0,81.796875,0.7545138888888889,0.9939930555555556,13.999999999999998
2024-09-14,R2-FLEX,FLEX,,20.0,20.0,0.0,22.1,,,,,,,,,,,650.0,0.0,0.0,1.0,17.884027777777778,25.0,11.6,260.3701388888889,0.102,81.82548611111112,0.9001041666666667,1.1232291666666667,13.4
2024-09-16,R2-FLEX,FLEX,,20.0,20.0,0.0,23.1,,,,,,,,,,,944.0,0.0,0.0,1.0,17.639236111111114,25.4,11.4,197.96319444444444,0.0,81.77006944444445,0.6252777777777778,1.0418402777777778,13.999999999999998
2024-09-17,R2-FLEX,FLEX,,20.0,20.0,28.3,20.8,,,,,,,,,,,867.1125124460671,0.0,0.0,1.0,17.402083333333334,23.3,13.6,131.3465277777778,0.0,81.84909722222223,0.5202430555555556,0.8516319444444445,9.7
2024-09-18,R2-FLEX,FLEX,,20.0,20.0,28.9,20.6,,,,,,,,,,,397.8800927459424,0.0,0.0,1.0,18.56493055555556,26.0,13.2,205.4020833333333,0.0,81.70413194444444,0.6698958333333334,0.935,12.8
2024-09-19,R2-FLEX,FLEX,,20.0,20.0,28.9,20.4,,,,,,,,,,,273.090427293806,0.0,0.0,1.0,18.922222222222224,26.6,12.9,216.0548611111111,0.0,81.51413194444444,0.6530555555555556,0.9260069444444444,13.7
2024-09-20,R2-FLEX,FLEX,,20.0,20.0,19.2,24.1,,,,,,,,,,,37.37166324435319,0.0,0.0,1.0,19.163541666666667,27.6,14.2,208.24513888888887,9.513,81.60881944444445,0.6252083333333334,0.8598263888888888,13.400000000000002
2024-09-21,R2-FLEX,FLEX,,20.0,20.0,25.0,20.9,,,,,,,,,,,1110.3221476510066,0.0,0.0,1.0,18.25451388888889,25.5,14.5,178.79791666666668,2.127,81.6490625,0.4596874999999999,0.8586458333333333,11.0
2024-09-23,R2-FLEX,FLEX,,20.0,20.0,24.8,21.0,,,,,,,,,,,1630.849563465413,0.0,0.0,1.0,17.080208333333335,21.7,13.2,107.15416666666668,0.0,81.75628472222223,0.5379513888888889,0.9503125,8.5
2024-09-24,R2-FLEX,FLEX,,20.0,20.0,27.0,21.8,,,,,,,,,,,87.36,0.0,0.0,1.0,17.56527777777778,23.6,11.9,175.99930555555557,0.0,81.72840277777777,0.6088194444444445,0.9560069444444445,11.7
2024-09-25,R2-FLEX,FLEX,,20.0,20.0,23.7,20.4,,,,,,,,,,,335.8442871587462,0.0,0.0,1.0,17.82534722222222,23.1,14.2,119.54513888888889,0.0,81.7396875,0.5777430555555555,0.829201388888889,8.900000000000002
2024-09-26,R2-FLEX,FLEX,,20.0,20.0,23.4,20.8,,,,,,,,,,,315.00000000000006,0.0,0.0,1.0,18.251388888888886,26.1,10.3,215.0111111111111,0.034,81.67979166666666,0.6718055555555555,1.0795486111111112,15.8
2024-09-27,R2-FLEX,FLEX,,20.0,20.0,21.4,20.4,,,,,,,,,,,550.8220108695652,0.0,0.0,1.0,18.89375,25.8,14.3,177.80555555555554,8.441,81.60711805555555,0.5049652777777778,0.8511458333333333,11.5
2024-09-28,R2-FLEX,FLEX,,20.0,20.0,19.5,21.0,,,,,,,,,,,286.53333333333336,0.0,0.0,1.0,18.01944444444445,25.4,13.5,162.79861111111111,0.459,81.4990625,0.4437847222222222,0.9344444444444444,11.9
2024-09-30,R2-FLEX,FLEX,,20.0,20.0,25.1,20.9,,,,,,,,,,,927.7054679637704,0.0,0.0,1.0,18.740972222222226,26.2,14.7,204.1888888888889,2.754,81.51243055555557,0.4861805555555556,0.9633935018050542,11.5
2024-10-01,R2-FLEX,FLEX,,20.0,20.0,25.1,21.0,,,,,,,,,,,337.930224756793,0.0,0.0,1.0,20.03368055555556,26.3,14.4,235.73194444444445,0.0,81.46791666666667,0.7261111111111112,1.1946527777777778,11.9
2024-10-02,R2-FLEX,FLEX,,20.0,20.0,28.5,20.8,,,,,,,,,,,437.3432835820896,0.0,0.0,1.0,19.06111111111112,24.0,15.9,171.61944444444444,0.0,81.56246527777779,0.5744791666666667,1.361701388888889,8.1
2024-10-03,R2-FLEX,FLEX,,20.0,20.0,26.5,22.9,,,,,,,,,,,-16142.09348914858,0.0,0.0,1.0,17.882986111111112,23.1,13.6,160.60625,0.0,81.7117013888889,0.5448958333333334,1.1876736111111112,9.500000000000002
2024-10-04,R2-FLEX,FLEX,,20.0,20.0,26.9,21.0,,,,,,,,,,,16822.407469156387,0.0,0.0,1.0,18.339930555555554,24.9,11.2,231.5111111111111,0.034,81.77416666666666,0.7812152777777778,1.1527777777777777,13.7
2024-10-05,R2-FLEX,FLEX,,20.0,20.0,28.2,21.4,,,,,,,,,,,398.8047808764941,0.0,0.0,1.0,17.814583333333335,22.8,14.7,120.28680555555556,0.0,81.73538194444444,0.4985069444444444,1.1299652777777778,8.100000000000001
2024-10-07,R2-FLEX,FLEX,,20.0,20.0,23.2,21.4,,,,,,,,,,,-54.37879810938556,0.0,0.0,1.0,17.853819444444444,22.5,14.8,144.04791666666668,0.0,81.73788194444444,0.4454861111111111,0.9134027777777778,7.699999999999999
2024-10-08,R2-FLEX,FLEX,,20.0,20.0,23.5,20.9,,,,,,,,,,,-33179.85834738617,0.0,0.0,1.0,19.122916666666665,25.1,14.9,211.44791666666663,0.0,81.80506944444444,0.6487152777777778,1.0426041666666666,10.2
2024-10-09,R2-FLEX,FLEX,,20.0,20.0,26.0,21.3,,,,,,,,,,,350.6086956521739,0.0,0.0,1.0,18.85590277777778,25.6,13.5,223.86944444444444,0.0,81.84291666666667,0.7392708333333333,1.1140277777777776,12.1
2024-10-10,R2-FLEX,FLEX,,20.0,20.0,19.8,22.0,,,,,,,,,,,248.0122950819672,0.0,0.0,1.0,18.240625,23.8,13.4,213.8111111111111,0.0,81.80090277777778,0.6346527777777777,1.1184375,10.4
2024-10-11,R2-FLEX,FLEX,,20.0,20.0,19.1,23.4,,,,,,,,,,,1051.4378637452926,0.0,0.0,1.0,18.771527777777777,24.6,14.4,187.04305555555555,0.0,81.80010416666667,0.7059027777777778,1.218784722222222,10.2
2024-10-12,R2-FLEX,FLEX,,20.0,20.0,25.0,22.8,,,,,,,,,,,404.003355704698,0.0,0.0,1.0,18.365625,24.6,13.5,198.06458333333333,0.0,81.84777777777778,0.6757638888888889,1.3999652777777778,11.1
2024-10-14,R2-FLEX,FLEX,,20.0,20.0,23.7,22.2,,,,,,,,,,,866.7542972699697,0.0,0.0,1.0,18.91076388888889,26.5,11.5,250.84583333333336,0.017,81.71770833333333,0.7989583333333333,1.0125347222222223,15.0
2024-10-15,R2-FLEX,FLEX,,20.0,20.0,22.2,20.3,,,,,,,,,,,569.6747967479674,0.0,0.0,1.0,18.338194444444444,27.0,12.3,206.53125,0.204,81.69111111111111,0.5724652777777778,0.9385416666666668,14.7
2024-10-16,R2-FLEX,FLEX,,20.0,20.0,22.4,20.9,,,,,,,,,,,835.4502369668247,0.0,0.0,1.0,19.58020833333333,26.4,15.5,183.41458333333333,0.136,81.70982638888889,0.6416666666666667,0.9232291666666668,10.9
2024-10-17,R2-FLEX,FLEX,,20.0,20.0,24.3,21.0,,,,,,,,,,,426.0746720484359,0.0,0.0,1.0,20.40173611111111,26.7,15.4,216.98055555555555,0.0,81.72086805555556,0.8789236111111111,0.8922916666666667,11.3
2024-10-18,R2-FLEX,FLEX,,20.0,20.0,25.2,21.3,,,,,,,,,,,803.8028169014085,0.0,0.0,1.0,17.844155844155843,26.5,13.5,207.99090909090907,0.0,81.67999999999999,0.5033116883116884,0.7838961038961039,13.0
2024-04-22,R3-FIXED DOME,FIXED_DOME,,20.0,30.0,27.7,,,,,,,,,,,,1856.6178915862988,0.0,0.0,0.6666666666666666,18.634375,24.9,15.6,149.7076388888889,45.664,81.5026736111111,0.2607638888888888,0.824516129032258,9.3
2024-04-23,R3-FIXED DOME,FIXED_DOME,,20.0,30.0,22.2,,,,,,,,,,,,911.849593495935,0.0,0.0,0.6666666666666666,18.97152777777778,24.4,16.0,136.0076388888889,30.557,81.4667013888889,0.2401041666666666,0.9626136363636364,8.399999999999999
2024-04-24,R3-FIXED DOME,FIXED_DOME,,20.0,30.0,22.6,,,,,,,,,,,,914.3098782138024,0.0,0.0,0.6666666666666666,18.105555555555554,24.1,15.5,138.92291666666668,29.974,81.44788194444445,0.1889236111111111,0.7051041666666666,8.600000000000001
2024-04-25,R3-FIXED DOME,FIXED_DOME,,20.0,30.0,24.8,,,,,,,,,,,,909.3888515782404,0.0,0.0,0.6666666666666666,19.136458333333334,24.1,16.1,177.97222222222223,13.837,81.39743055555556,0.2988194444444444,0.7764583333333334,8.0
2024-04-26,R3-FIXED DOME,FIXED_DOME,,20.0,30.0,21.9,,,,,,,,,,,,890.559511698881,0.0,0.0,0.6666666666666666,17.441666666666666,23.1,15.8,101.18472222222222,5.101,81.48579861111111,0.1819791666666667,0.6486111111111111,7.300000000000001
2024-04-27,R3-FIXED DOME,FIXED_DOME,,20.0,30.0,27.2,,,,,,,,,,,,872.1085942704864,0.0,0.0,0.6666666666666666,18.668750000000003,25.0,14.9,168.24444444444444,5.206,81.41732638888888,0.3104513888888889,0.8275694444444445,10.1
2024-04-29,R3-FIXED DOME,FIXED_DOME,,20.0,30.0,26.9,,,,,,,,,,,,1759.616538846282,0.0,0.0,0.6666666666666666,17.710416666666667,22.8,14.4,102.90347222222222,28.601,81.5292013888889,0.1784375,0.7272432432432432,8.4
2024-04-30,R3-FIXED DOME,FIXED_DOME,,20.0,30.0,25.8,,,,,,,,,,,,844.2168674698795,0.0,0.0,0.6666666666666666,19.246180555555554,25.9,15.4,182.67777777777772,11.261,81.40770833333333,0.3294444444444444,0.6211111111111111,10.499999999999998
2024-05-01,R3-FIXED DOME,FIXED_DOME,,20.0,30.0,21.3,,,,,,,,,,,,936.901121304791,0.0,0.0,0.6666666666666666,19.08194444444445,24.3,16.0,139.19722222222222,59.883,81.35878472222223,0.2757291666666666,0.5873263888888889,8.3
2024-05-02,R3-FIXED DOME,FIXED_DOME,,20.0,30.0,25.0,,,,,,,,,,,,860.224832214765,0.0,0.0,0.6666666666666666,18.856250000000003,26.2,16.4,129.36111111111111,20.465,81.38517361111111,0.2534375,0.6594791666666667,9.8
2024-05-03,R3-FIXED DOME,FIXED_DOME,,20.0,30.0,24.2,,,,,,,,,,,,865.2960969044415,0.0,0.0,0.6666666666666666,19.53993055555556,24.7,16.4,173.70069444444445,5.905,81.45854166666668,0.3486458333333333,0.7819791666666667,8.3
2024-05-04,R3-FIXED DOME,FIXED_DOME,,20.0,30.0,22.0,,,,,,,,,,,,897.6610169491526,0.0,0.0,0.6666666666666666,18.277083333333334,24.4,15.8,104.20208333333332,29.177,81.59826388888888,0.2517013888888889,0.6540972222222222,8.599999999999998
2024-05-06,R3-FIXED DOME,FIXED_DOME,,20.0,30.0,19.7,,,,,,,,,,,,1690.977109668603,0.0,0.0,0.6666666666666666,17.500347222222224,23.1,14.8,124.59166666666668,22.468,81.64086805555556,0.2220486111111111,0.8114930555555556,8.3
2024-05-07,R3-FIXED DOME,FIXED_DOME,,20.0,30.0,19.3,,,,,,,,,,,,877.933629832364,0.0,0.0,0.6666666666666666,18.01944444444445,21.6,16.1,77.64305555555556,23.067,81.66024305555555,0.1868402777777777,0.9112847222222222,5.5
2024-05-08,R3-FIXED DOME,FIXED_DOME,,20.0,30.0,21.6,,,,,,,,,,,,910.0,0.0,0.0,0.6666666666666666,17.633680555555557,21.5,15.0,92.45972222222224,0.0,81.5936111111111,0.2074305555555555,1.135486111111111,6.5
2024-05-09,R3-FIXED DOME,FIXED_DOME,,20.0,20.0,22.0,,,,,,,,,,,,888.4067796610169,0.0,0.0,1.0,17.731250000000003,21.5,14.7,102.89513888888888,0.0,81.55402777777778,0.2844791666666666,1.141111111111111,6.800000000000001
2024-05-10,R3-FIXED DOME,FIXED_DOME,,20.0,20.0,20.2,,,,,,,,,,,,875.2387448840383,0.0,0.0,1.0,17.88784722222222,22.6,15.9,92.20833333333331,0.204,81.60708333333334,0.2435763888888889,0.909652777777778,6.700000000000001
2024-05-11,R3-FIXED DOME,FIXED_DOME,,20.0,20.0,25.9,,,,,,,,,,,,896.9086651053864,0.0,0.0,1.0,19.496875000000003,25.2,15.2,199.8722222222222,0.017,81.66368055555556,0.4635763888888888,0.9291666666666668,10.0
2024-05-13,R3-FIXED DOME,FIXED_DOME,,20.0,20.0,25.0,,,,,,,,,,,,1833.1308724832213,0.0,0.0,1.0,19.31631944444445,24.7,15.2,191.48194444444445,0.0,81.61340277777778,0.5412152777777778,0.844375,9.5
2024-05-14,R3-FIXED DOME,FIXED_DOME,,20.0,20.0,24.8,,,,,,,,,,,,907.5554063129616,0.0,0.0,1.0,19.054861111111112,24.3,15.6,174.80763888888887,0.476,81.62076388888889,0.4636458333333333,0.8808680555555556,8.700000000000001
2024-06-03,R3-FIXED DOME,FIXED_DOME,,20.0,20.0,21.6,,,,,,,,,,,,81.5478615071283,0.0,0.0,1.0,18.823958333333334,23.5,15.6,126.40833333333332,0.952,81.69121527777777,0.3234722222222222,0.6792708333333333,7.9
2024-06-04,R3-FIXED DOME,FIXED_DOME,,20.0,20.0,26.5,,,,,,,,,,,,826.7479131886478,0.0,0.0,1.0,18.804513888888888,25.2,15.5,137.7201388888889,0.187,81.67913194444445,0.328125,0.6520833333333333,9.7
2024-06-05,R3-FIXED DOME,FIXED_DOME,,20.0,20.0,22.2,,,,,,,,,,,,869.308943089431,0.0,0.0,1.0,17.960416666666667,23.2,13.9,144.85763888888889,2.7880000000000003,81.6628125,0.2921875,0.828125,9.3
2024-06-06,R3-FIXED DOME,FIXED_DOME,,20.0,20.0,19.5,,,,,,,,,,,,854.0,0.0,0.0,1.0,17.617013888888888,21.7,14.8,93.56180555555557,0.8160000000000001,81.76510416666666,0.3114583333333333,0.8808680555555556,6.899999999999999
2024-06-07,R3-FIXED DOME,FIXED_DOME,,20.0,20.0,23.0,,,,,,,,,,,,821.7668918918919,0.0,0.0,1.0,18.01284722222222,24.7,14.2,155.43194444444444,0.255,81.81798611111111,0.3282291666666667,0.7253472222222223,10.5
2024-06-08,R3-FIXED DOME,FIXED_DOME,,20.0,20.0,20.3,,,,,,,,,,,,851.6706443914081,0.0,0.0,1.0,17.073958333333334,22.8,14.4,133.28194444444443,0.153,81.76618055555555,0.2174652777777778,0.7773611111111111,8.4
2024-06-10,R3-FIXED DOME,FIXED_DOME,,20.0,20.0,22.2,,,,,,,,,,,,1558.2825203252032,0.0,0.0,1.0,17.537152777777777,21.6,14.0,131.03055555555557,0.119,81.81920138888889,0.4066319444444444,0.7794097222222223,7.600000000000001
2024-06-11,R3-FIXED DOME,FIXED_DOME,,20.0,20.0,22.5,,,,,,,,,,,,793.5939086294417,0.0,0.0,1.0,16.911805555555556,20.9,12.0,129.67916666666667,0.102,81.84677083333332,0.4238194444444444,0.8822916666666667,8.899999999999999
2024-06-12,R3-FIXED DOME,FIXED_DOME,,20.0,20.0,22.9,,,,,,,,,,,,791.5985130111525,0.0,0.0,1.0,16.960416666666667,21.8,12.3,160.28680555555556,0.085,81.87194444444444,0.4258333333333333,0.8272569444444444,9.5
2024-06-13,R3-FIXED DOME,FIXED_DOME,,20.0,20.0,22.4,,,,,,,,,,,,803.1042654028437,0.0,0.0,1.0,17.0875,23.3,10.7,176.46944444444443,0.068,81.8204513888889,0.4561111111111111,0.7632986111111112,12.6
2024-06-14,R3-FIXED DOME,FIXED_DOME,,20.0,20.0,27.8,,,,,,,,,,,,804.1156914893617,0.0,0.0,1.0,17.341666666666665,23.2,11.2,173.96805555555557,0.017,81.75454861111112,0.4586805555555555,0.8838541666666667,12.0
2024-06-15,R3-FIXED DOME,FIXED_DOME,,20.0,20.0,24.4,,,,,,,,,,,,775.6724949562879,0.0,0.0,1.0,17.261805555555554,22.1,12.3,148.97291666666666,0.051,81.62829861111112,0.3544097222222222,0.8703819444444444,9.8
2024-06-17,R3-FIXED DOME,FIXED_DOME,,20.0,20.0,22.5,,,,,,,,,,,,1486.48730964467,0.0,0.0,1.0,17.42013888888889,22.5,12.4,173.56597222222223,0.0,81.78243055555555,0.4585763888888888,0.8146180555555556,10.1
2024-06-18,R3-FIXED DOME,FIXED_DOME,,20.0,20.0,23.5,,,,,,,,,,,,754.087689713322,0.0,0.0,1.0,16.821180555555557,21.9,11.7,164.48263888888889,0.136,81.81600694444444,0.4767361111111111,0.936875,10.2
2024-06-19,R3-FIXED DOME,FIXED_DOME,,20.0,20.0,21.0,,,,,,,,,,,,767.0,0.0,0.0,1.0,17.211111111111112,22.8,14.0,116.8722222222222,0.0,81.795625,0.3480555555555555,0.9133333333333334,8.8
2024-06-20,R3-FIXED DOME,FIXED_DOME,,20.0,20.0,18.4,,,,,,,,,,,,795.391214824983,0.0,0.0,1.0,16.024305555555557,18.9,14.1,76.48541666666667,5.48,81.9203125,0.235,1.1034375,4.799999999999999
2024-06-21,R3-FIXED DOME,FIXED_DOME,,20.0,20.0,20.5,,,,,,,,,,,,759.9352640545144,0.0,0.0,1.0,15.9375,19.8,12.8,138.21458333333334,0.136,81.88788194444444,0.3404861111111111,1.461076388888889,7.0
2024-06-22,R3-FIXED DOME,FIXED_DOME,,20.0,20.0,19.4,,,,,,,,,,,,756.2585499316007,0.0,0.0,1.0,15.58472222222222,20.7,12.5,154.78819444444446,0.0,81.80746527777778,0.3682291666666666,1.0271180555555557,8.2
2024-06-24,R3-FIXED DOME,FIXED_DOME,,20.0,20.0,18.4,,,,,,,,,,,,1513.0233356211395,0.0,0.0,1.0,15.279861111111112,20.9,10.6,148.30416666666667,0.0,81.81572916666667,0.3817013888888889,0.9991666666666666,10.3
2024-06-25,R3-FIXED DOME,FIXED_DOME,,20.0,20.0,22.0,,,,,,,,,,,,720.9050847457627,0.0,0.0,1.0,15.346527777777778,22.2,9.4,190.8430555555556,0.085,81.741875,0.451875,1.0078125,12.8
2024-06-26,R3-FIXED DOME,FIXED_DOME,,20.0,20.0,22.7,,,,,,,,,,,,718.2752789989855,0.0,0.0,1.0,15.94409722222222,21.0,10.9,138.97361111111113,0.0,81.73708333333333,0.4617708333333333,1.025486111111111,10.1
2024-06-27,R3-FIXED DOME,FIXED_DOME,,20.0,20.0,16.7,,,,,,,,,,,,779.326889886089,0.0,0.0,1.0,15.145833333333334,19.0,12.1,93.90208333333334,0.289,81.88729166666667,0.2858680555555555,1.2167708333333334,6.9
2024-06-28,R3-FIXED DOME,FIXED_DOME,,20.0,20.0,23.1,,,,,,,,,,,,712.6950354609928,0.0,0.0,1.0,14.720138888888888,19.7,10.1,140.58819444444444,0.102,81.84979166666668,0.3459722222222222,1.088854166666667,9.6
2024-06-29,R3-FIXED DOME,FIXED_DOME,,20.0,20.0,19.4,,,,,,,,,,,,730.1162790697675,0.0,0.0,1.0,16.439930555555556,22.4,12.4,187.99791666666667,0.0,81.75270833333333,0.410625,0.9500347222222224,9.999999999999998
2024-07-01,R3-FIXED DOME,FIXED_DOME,,20.0,20.0,20.2,,,,,,,,,,,,1437.6261937244203,0.0,0.0,1.0,17.05763888888889,23.0,12.9,200.4875,0.0,81.87291666666667,0.5462847222222222,0.8997916666666667,10.1
2024-07-02,R3-FIXED DOME,FIXED_DOME,,,,25.5,,,,,,,,,,,,253.33668341708545,0.0,0.0,,16.99652777777778,22.5,11.3,173.3625,0.0,81.81541666666666,0.5319791666666667,0.9193402777777776,11.2
2024-07-02,R3-FIXED DOME,FIXED_DOME,,20.0,20.0,22.9,,,,,,,,,,,,715.021966880703,0.0,0.0,1.0,16.99652777777778,22.5,11.3,173.3625,0.0,81.81541666666666,0.5319791666666667,0.9193402777777776,11.2
2024-07-03,R3-FIXED DOME,FIXED_DOME,,20.0,20.0,24.9,,,,,,,,,,,,747.7945619335349,0.0,0.0,1.0,17.235763888888886,23.5,11.3,182.69791666666663,40.149,81.7742013888889,0.4747916666666667,0.9857826086956522,12.2
2024-07-04,R3-FIXED DOME,FIXED_DOME,,20.0,20.0,20.8,,,,,,,,,,,,695.9734513274336,0.0,0.0,1.0,17.353819444444444,22.9,12.9,170.66805555555555,0.0,81.75746527777778,0.4257291666666666,0.8909722222222223,9.999999999999998
2024-07-05,R3-FIXED DOME,FIXED_DOME,,20.0,20.0,19.5,,,,,,,,,,,,704.6666666666666,0.0,0.0,1.0,17.009027777777778,22.7,13.3,159.19236111111113,0.0,81.69565972222222,0.4336805555555555,0.83,9.4
2024-07-06,R3-FIXED DOME,FIXED_DOME,,20.0,20.0,19.8,,,,,,,,,,,,788.7909836065573,0.0,0.0,1.0,17.05138888888889,22.6,12.9,111.06944444444444,9.443,81.635625,0.3178819444444444,0.7051736111111111,9.7
2024-07-08,R3-FIXED DOME,FIXED_DOME,,20.0,20.0,25.5,,,,,,,,,,,,1513.6180904522612,0.0,0.0,1.0,17.422222222222224,24.9,13.4,182.76041666666663,23.188,81.55388888888889,0.3270486111111111,0.9438541666666668,11.499999999999998
2024-07-09,R3-FIXED DOME,FIXED_DOME,,20.0,20.0,21.5,,,,,,,,,,,,634.0645161290322,0.0,0.0,1.0,16.80625,21.3,14.4,96.02708333333334,6.65,81.59246527777778,0.2270833333333333,0.7243055555555555,6.9
2024-07-10,R3-FIXED DOME,FIXED_DOME,,20.0,20.0,18.3,,,,,,,,,,,,756.302780638517,0.0,0.0,1.0,15.69652777777778,18.7,13.7,64.6,43.233,81.70260416666666,0.2372916666666666,0.8872222222222222,5.0
2024-07-11,R3-FIXED DOME,FIXED_DOME,,20.0,20.0,23.2,,,,,,,,,,,,798.1701553004727,0.0,0.0,1.0,15.334375,20.2,10.3,159.94236111111113,5.151000000000001,81.77104166666668,0.3619444444444444,1.0481944444444444,9.9
2024-07-12,R3-FIXED DOME,FIXED_DOME,,20.0,20.0,24.4,,,,,,,,,,,,759.1492938802959,0.0,0.0,1.0,16.408680555555556,22.3,10.2,169.08402777777778,3.621,81.8059375,0.4885416666666666,1.069375,12.1
2024-07-13,R3-FIXED DOME,FIXED_DOME,,20.0,20.0,21.1,,,,,,,,,,,,752.8153689221353,0.0,0.0,1.0,16.302777777777777,20.2,14.2,85.91111111111111,0.0,81.82930555555555,0.2953125,0.8831944444444445,6.0
2024-07-15,R3-FIXED DOME,FIXED_DOME,,20.0,20.0,23.9,,,,,,,,,,,,1438.1003704951163,0.0,0.0,1.0,17.00625,22.4,10.9,157.28819444444446,0.0,81.77690972222223,0.451423611111111,0.7861458333333333,11.499999999999998
2024-07-16,R3-FIXED DOME,FIXED_DOME,,20.0,20.0,17.3,,,,,,,,,,,,738.2190837065104,0.0,0.0,1.0,15.61875,18.1,13.8,42.49097222222222,0.0,81.74892361111111,0.2155555555555555,0.7036458333333333,4.300000000000001
2024-07-17,R3-FIXED DOME,FIXED_DOME,,20.0,20.0,22.5,,,,,,,,,,,,681.8071065989848,0.0,0.0,1.0,15.894444444444446,19.9,13.6,84.57430555555555,2.006,81.75440972222222,0.1913888888888889,0.734375,6.299999999999999
2024-07-18,R3-FIXED DOME,FIXED_DOME,,20.0,20.0,17.0,,,,,,,,,,,,670.2620689655172,0.0,0.0,1.0,14.51388888888889,17.4,13.7,38.95625,19.163,81.7825,0.1054513888888888,0.7757291666666667,3.6999999999999993
2024-07-19,R3-FIXED DOME,FIXED_DOME,,20.0,20.0,20.0,,,,,,,,,,,,721.1672354948805,0.0,0.0,1.0,15.74375,19.2,13.2,97.51597222222222,12.444,81.68375,0.2471875,0.8190277777777778,6.0
2024-07-20,R3-FIXED DOME,FIXED_DOME,,20.0,20.0,18.7,,,,,,,,,,,,749.6503256770656,0.0,0.0,1.0,16.242708333333333,20.8,12.7,95.89166666666668,0.204,81.68527777777778,0.2933333333333333,0.8463541666666666,8.100000000000001
2024-07-22,R3-FIXED DOME,FIXED_DOME,,20.0,20.0,18.6,,,,,,,,,,,,1471.7283950617282,0.0,0.0,1.0,16.923958333333335,22.1,13.4,131.02152777777778,0.0,81.83708333333334,0.3836458333333333,0.8635416666666667,8.700000000000001
2024-07-23,R3-FIXED DOME,FIXED_DOME,,20.0,20.0,22.2,,,,,,,,,,,,757.4085365853658,0.0,0.0,1.0,16.069791666666667,21.8,10.8,185.42222222222225,0.0,81.97625,0.4580208333333333,0.8598958333333333,11.0
2024-07-24,R3-FIXED DOME,FIXED_DOME,,20.0,20.0,19.6,,,,,,,,,,,,756.6746411483252,0.0,0.0,1.0,15.259722222222225,19.9,11.1,91.31041666666668,0.0,81.88875,0.3198611111111111,0.7874305555555555,8.799999999999999
2024-07-25,R3-FIXED DOME,FIXED_DOME,,20.0,20.0,19.1,,,,,,,,,,,,736.473810338925,0.0,0.0,1.0,17.03402777777778,24.4,10.5,172.63958333333332,0.493,81.65565972222223,0.4054166666666667,0.8419791666666667,13.9
2024-07-26,R3-FIXED DOME,FIXED_DOME,,20.0,20.0,20.1,,,,,,,,,,,,784.257932446264,0.0,0.0,1.0,17.501041666666666,25.4,14.5,157.14999999999998,42.215,81.62604166666667,0.2929861111111111,0.7526736111111112,10.9
2024-07-27,R3-FIXED DOME,FIXED_DOME,,20.0,20.0,21.8,,,,,,,,,,,,790.8480325644505,0.0,0.0,1.0,15.734375,18.6,13.8,64.5625,44.811,81.7028125,0.1431597222222222,0.8563194444444444,4.800000000000001
2024-07-29,R3-FIXED DOME,FIXED_DOME,,20.0,20.0,20.6,,,,,,,,,,,,1421.7200272479563,0.0,0.0,1.0,17.454166666666666,22.0,13.0,87.0298611111111,0.119,81.5678125,0.2849305555555556,0.6755902777777778,9.0
2024-07-30,R3-FIXED DOME,FIXED_DOME,,20.0,20.0,20.6,,,,,,,,,,,,738.2901907356948,0.0,0.0,1.0,16.617361111111112,21.7,14.2,88.47222222222223,33.17,81.60805555555555,0.2213888888888888,0.8120673076923077,7.5
2024-07-31,R3-FIXED DOME,FIXED_DOME,,20.0,20.0,16.1,,,,,,,,,,,,752.6150121065375,0.0,0.0,1.0,15.248611111111112,19.7,11.7,90.74583333333334,5.018,81.69388888888889,0.2106944444444444,0.811070110701107,8.0
2024-08-01,R3-FIXED DOME,FIXED_DOME,,20.0,20.0,19.3,,,,,,,,,,,,722.894286691755,0.0,0.0,1.0,14.883680555555555,20.7,10.4,118.61736111111112,0.136,81.80024305555555,0.28875,0.8899652777777778,10.3
2024-08-02,R3-FIXED DOME,FIXED_DOME,,20.0,30.0,26.4,,,,,,,,,,,,666.5430861723447,0.0,0.0,0.6666666666666666,15.579166666666667,19.8,11.3,106.80902777777776,0.0,81.78840277777778,0.3090625,0.8297222222222222,8.5
2024-08-02,R3-FIXED DOME,FIXED_DOME,,20.0,20.0,19.1,,,,,,,,,,,,715.9123587812392,0.0,0.0,1.0,15.579166666666667,19.8,11.3,106.80902777777776,0.0,81.78840277777778,0.3090625,0.8297222222222222,8.5
2024-08-03,R3-FIXED DOME,FIXED_DOME,,20.0,20.0,23.5,,,,,,,,,,,,707.1298482293423,0.0,0.0,1.0,16.366666666666667,20.2,13.4,118.52361111111112,0.0,81.75538194444444,0.3238194444444444,0.9982986111111112,6.799999999999999
2024-08-05,R3-FIXED DOME,FIXED_DOME,,20.0,20.0,30.7,,,,,,,,,,,,1343.8755350675008,0.0,0.0,1.0,17.388541666666665,26.0,9.6,235.00625,0.136,81.63586805555556,0.6911111111111111,0.9636805555555557,16.4
2024-08-06,R3-FIXED DOME,FIXED_DOME,,20.0,20.0,,,,,,,,,,,,,101.0,0.0,0.0,1.0,17.288194444444443,24.8,10.8,160.59444444444443,0.119,81.63746527777778,0.5322916666666667,0.9267708333333334,14.0
2024-08-07,R3-FIXED DOME,FIXED_DOME,,20.0,20.0,24.3,,,,,,,,,,,,533.5116044399597,0.0,0.0,1.0,16.448958333333334,21.7,10.8,159.25,0.017,81.6778125,0.4502777777777778,1.0095486111111112,10.9
2024-08-08,R3-FIXED DOME,FIXED_DOME,,20.0,20.0,16.6,,,,,,,,,,,,739.0607734806629,0.0,0.0,1.0,15.87326388888889,18.7,14.0,65.17083333333333,4.063,81.68802083333334,0.1894791666666666,0.7853472222222222,4.699999999999999
2024-08-09,R3-FIXED DOME,FIXED_DOME,,20.0,20.0,16.6,,,,,,,,,,,,678.7292817679557,0.0,0.0,1.0,15.419791666666663,17.7,14.0,58.43055555555556,2.244,81.73399305555556,0.1151388888888889,0.8594791666666667,3.6999999999999993
2024-08-10,R3-FIXED DOME,FIXED_DOME,,20.0,20.0,16.2,,,,,,,,,,,,700.435684647303,0.0,0.0,1.0,15.988541666666666,21.4,13.0,143.59583333333333,0.017,81.744375,0.2752777777777778,0.9682291666666668,8.399999999999999
2024-08-12,R3-FIXED DOME,FIXED_DOME,,20.0,20.0,18.1,,,,,,,,,,,,1370.1580212985227,0.0,0.0,1.0,16.264930555555555,21.9,13.8,83.48541666666667,0.085,81.59732638888889,0.2506597222222222,0.8111458333333333,8.099999999999998
2024-08-13,R3-FIXED DOME,FIXED_DOME,,20.0,20.0,19.0,,,,,,,,,,,,692.7842465753424,0.0,0.0,1.0,17.014583333333334,22.7,13.5,142.57222222222222,0.0,81.66416666666666,0.4165625,0.8456944444444444,9.2
2024-08-14,R3-FIXED DOME,FIXED_DOME,,20.0,20.0,22.0,,,,,,,,,,,,677.4101694915254,0.0,0.0,1.0,17.42638888888889,23.4,12.9,160.10902777777778,0.0,81.64725694444445,0.4255555555555556,0.7254513888888889,10.499999999999998
2024-08-15,R3-FIXED DOME,FIXED_DOME,,20.0,20.0,20.5,,,,,,,,,,,,710.6371379897785,0.0,0.0,1.0,17.304861111111112,22.9,14.1,140.48194444444445,0.0,81.70309027777779,0.3462847222222222,0.8311805555555556,8.799999999999999
2024-08-16,R3-FIXED DOME,FIXED_DOME,,20.0,20.0,17.6,,,,,,,,,,,,684.8485891259463,0.0,0.0,1.0,16.986458333333335,22.0,14.0,116.39791666666666,0.221,81.74118055555556,0.38625,0.8304513888888888,8.0
2024-08-17,R3-FIXED DOME,FIXED_DOME,,20.0,20.0,23.0,,,,,,,,,,,,702.7905405405405,0.0,0.0,1.0,16.403125000000003,22.7,10.4,160.10069444444446,0.051,81.68444444444444,0.5339583333333333,0.9672916666666668,12.3
2024-08-19,R3-FIXED DOME,FIXED_DOME,,20.0,20.0,19.0,,,,,,,,,,,,1373.4143835616435,0.0,0.0,1.0,15.767013888888888,22.7,9.3,170.2513888888889,0.085,81.79642361111111,0.4767013888888888,0.9527083333333332,13.4
2024-08-20,R3-FIXED DOME,FIXED_DOME,,20.0,20.0,22.1,,,,,,,,,,,,703.0837004405286,0.0,0.0,1.0,16.16111111111111,21.8,11.2,110.16041666666666,0.0,81.7709375,0.4032986111111111,0.7400694444444444,10.6
2024-08-21,R3-FIXED DOME,FIXED_DOME,,20.0,20.0,16.0,,,,,,,,,,,,660.3010380622837,0.0,0.0,1.0,15.266319444444443,18.3,13.2,61.07083333333334,0.0,81.6711111111111,0.3121180555555555,0.8912152777777779,5.100000000000001
2024-08-22,R3-FIXED DOME,FIXED_DOME,,20.0,20.0,16.2,,,,,,,,,,,,730.643153526971,0.0,0.0,1.0,15.710763888888888,20.5,12.9,108.94236111111113,0.578,81.6854861111111,0.3245138888888889,0.7725347222222223,7.6
2024-08-23,R3-FIXED DOME,FIXED_DOME,,20.0,20.0,19.1,,,,,,,,,,,,702.8277986990756,0.0,0.0,1.0,15.923958333333337,20.0,12.8,92.77638888888887,0.034,81.74090277777778,0.3332638888888889,0.8298263888888889,7.199999999999999
2024-08-24,R3-FIXED DOME,FIXED_DOME,,20.0,20.0,16.2,,,,,,,,,,,,700.435684647303,0.0,0.0,1.0,15.507638888888888,18.6,13.4,57.23194444444445,0.0,81.81902777777778,0.3025694444444444,0.7604861111111112,5.200000000000001
2024-08-26,R3-FIXED DOME,FIXED_DOME,,20.0,20.0,18.1,,,,,,,,,,,,1358.9041566472,0.0,0.0,1.0,16.156944444444445,20.9,13.0,115.22361111111113,0.0,81.83121527777777,0.3667361111111111,0.8623611111111111,7.899999999999999
2024-08-27,R3-FIXED DOME,FIXED_DOME,,20.0,20.0,20.5,,,,,,,,,,,,682.732538330494,0.0,0.0,1.0,17.530555555555555,22.1,14.9,135.30347222222224,0.0849999999999999,81.83993055555555,0.3815972222222222,0.9602777777777778,7.200000000000001
2024-08-28,R3-FIXED DOME,FIXED_DOME,,20.0,20.0,24.2,,,,,,,,,,,,657.6985195154778,0.0,0.0,1.0,18.48888888888889,24.2,14.4,185.35625,0.0,81.82357638888888,0.506875,1.0154166666666666,9.8
2024-08-29,R3-FIXED DOME,FIXED_DOME,,20.0,20.0,22.3,,,,,,,,,,,,696.1361327463596,0.0,0.0,1.0,18.82986111111111,25.6,14.7,190.75833333333333,0.0,81.76934027777777,0.6009722222222222,0.9830902777777778,10.900000000000002
2024-08-30,R3-FIXED DOME,FIXED_DOME,,20.0,20.0,21.1,,,,,,,,,,,,707.330839850391,0.0,0.0,1.0,18.23090277777778,24.3,14.2,187.425,0.0,81.79670138888889,0.6034375,1.0077083333333334,10.1
2024-08-31,R3-FIXED DOME,FIXED_DOME,,20.0,20.0,21.4,,,,,,,,,,,,716.8104619565217,0.0,0.0,1.0,16.93402777777778,22.5,12.0,166.52152777777778,0.0,81.81024305555555,0.5228472222222222,1.19625,10.5
2024-09-02,R3-FIXED DOME,FIXED_DOME,,140.0,210.0,27.1,,,,,,,,,,,,370.2465844718427,0.0,0.0,0.6666666666666666,15.999305555555557,20.2,12.1,85.70347222222222,0.0,81.8528125,0.3901388888888888,0.7965972222222222,8.1
2024-09-02,R3-FIXED DOME,FIXED_DOME,,20.0,20.0,18.1,,,,,,,,,,,,1366.4067330814153,0.0,0.0,1.0,15.999305555555557,20.2,12.1,85.70347222222222,0.0,81.8528125,0.3901388888888888,0.7965972222222222,8.1
2024-09-03,R3-FIXED DOME,FIXED_DOME,,20.0,20.0,18.5,,,,,,,,,,,,661.1938250428816,0.0,0.0,1.0,16.779861111111114,20.6,14.3,84.11944444444445,0.0,81.78472222222223,0.3541666666666667,0.8680902777777777,6.300000000000001
2024-09-04,R3-FIXED DOME,FIXED_DOME,,20.0,20.0,16.0,,,,,,,,,,,,674.4705882352941,0.0,0.0,1.0,15.417708333333334,19.3,13.6,62.04583333333333,10.0,81.8176388888889,0.22,0.9241319444444444,5.700000000000001
2024-09-05,R3-FIXED DOME,FIXED_DOME,,20.0,20.0,19.5,,,,,,,,,,,,655.2,0.0,0.0,1.0,16.683333333333334,21.3,12.5,104.90972222222224,0.0,81.78065972222223,0.4536458333333333,0.8354861111111112,8.8
2024-09-06,R3-FIXED DOME,FIXED_DOME,,20.0,20.0,20.4,,,,,,,,,,,,706.2269938650307,0.0,0.0,1.0,16.79340277777778,20.2,14.1,118.73958333333331,0.0,81.8528125,0.3759027777777778,1.155486111111111,6.1
2024-09-07,R3-FIXED DOME,FIXED_DOME,,20.0,20.0,23.6,,,,,,,,,,,,684.8010788941335,0.0,0.0,1.0,17.71527777777778,23.1,12.5,187.3763888888889,0.0,81.87934027777777,0.5688888888888889,0.9213888888888888,10.6
2024-09-08,R3-FIXED DOME,FIXED_DOME,,20.0,20.0,,,,,,,,,,,,,-271936.0,0.0,0.0,1.0,18.276041666666668,25.3,13.9,170.81875000000002,0.034,81.83545138888888,0.6507291666666667,0.8527777777777777,11.4
2024-09-09,R3-FIXED DOME,FIXED_DOME,,20.0,20.0,,,,,,,,,,,,,0.0,0.0,0.0,1.0,19.013541666666665,26.5,12.3,220.28819444444449,0.0,81.760625,0.7691666666666667,0.8623611111111111,14.2
2024-09-10,R3-FIXED DOME,FIXED_DOME,,20.0,20.0,,,,,,,,,,,,,0.0,0.0,0.0,1.0,19.040972222222223,26.3,12.2,249.63541666666663,0.017,81.73395833333333,0.7567708333333333,1.026111111111111,14.1
2024-09-11,R3-FIXED DOME,FIXED_DOME,,20.0,20.0,,,,,,,,,,,,,0.0,0.0,0.0,1.0,18.515972222222224,26.2,12.0,244.27916666666664,0.068,81.69600694444445,0.9115972222222224,1.060277777777778,14.2
2024-09-12,R3-FIXED DOME,FIXED_DOME,,20.0,20.0,,,,,,,,,,,,,0.0,0.0,0.0,1.0,18.234375,25.7,12.5,193.63472222222225,0.0,81.74260416666667,0.7033680555555555,0.9269444444444443,13.2
2024-09-13,R3-FIXED DOME,FIXED_DOME,,20.0,20.0,28.5,,,,,,,,,,,,0.0,0.0,0.0,1.0,18.152083333333334,25.9,11.9,224.09722222222223,0.0,81.796875,0.7545138888888889,0.9939930555555556,13.999999999999998
2024-09-14,R3-FIXED DOME,FIXED_DOME,,20.0,20.0,29.2,,,,,,,,,,,,249811.26075446725,0.0,0.0,1.0,17.884027777777778,25.0,11.6,260.3701388888889,0.102,81.82548611111112,0.9001041666666667,1.1232291666666667,13.4
2024-09-16,R3-FIXED DOME,FIXED_DOME,,20.0,20.0,27.8,,,,,,,,,,,,1315.9906914893618,0.0,0.0,1.0,17.639236111111114,25.4,11.4,197.96319444444444,0.0,81.77006944444445,0.6252777777777778,1.0418402777777778,13.999999999999998
2024-09-17,R3-FIXED DOME,FIXED_DOME,,20.0,20.0,19.3,,,,,,,,,,,,791.0742387957578,0.0,0.0,1.0,17.402083333333334,23.3,13.6,131.3465277777778,0.0,81.84909722222223,0.5202430555555556,0.8516319444444445,9.7
2024-09-18,R3-FIXED DOME,FIXED_DOME,,20.0,20.0,26.2,,,,,,,,,,,,663.3389037433155,0.0,0.0,1.0,18.56493055555556,26.0,13.2,205.4020833333333,0.0,81.70413194444444,0.6698958333333334,0.935,12.8
2024-09-19,R3-FIXED DOME,FIXED_DOME,,20.0,20.0,24.1,,,,,,,,,,,,629.4345338269943,0.0,0.0,1.0,18.922222222222224,26.6,12.9,216.0548611111111,0.0,81.51413194444444,0.6530555555555556,0.9260069444444444,13.7
2024-09-20,R3-FIXED DOME,FIXED_DOME,,20.0,20.0,27.4,,,,,,,,,,,,703.4021304926765,0.0,0.0,1.0,19.163541666666667,27.6,14.2,208.24513888888887,9.513,81.60881944444445,0.6252083333333334,0.8598263888888888,13.400000000000002
2024-09-21,R3-FIXED DOME,FIXED_DOME,,20.0,20.0,24.1,,,,,,,,,,,,648.7310669808145,0.0,0.0,1.0,18.25451388888889,25.5,14.5,178.79791666666668,2.127,81.6490625,0.4596874999999999,0.8586458333333333,11.0
2024-09-23,R3-FIXED DOME,FIXED_DOME,,20.0,20.0,23.5,,,,,,,,,,,,-233292.08094435075,0.0,0.0,1.0,17.080208333333335,21.7,13.2,107.15416666666668,0.0,81.75628472222223,0.5379513888888889,0.9503125,8.5
2024-09-24,R3-FIXED DOME,FIXED_DOME,,20.0,20.0,21.4,,,,,,,,,,,,237043.56317934784,0.0,0.0,1.0,17.56527777777778,23.6,11.9,175.99930555555557,0.0,81.72840277777777,0.6088194444444445,0.9560069444444445,11.7
2024-09-25,R3-FIXED DOME,FIXED_DOME,,20.0,20.0,19.6,,,,,,,,,,,,654.0430622009568,0.0,0.0,1.0,17.82534722222222,23.1,14.2,119.54513888888889,0.0,81.7396875,0.5777430555555555,0.829201388888889,8.900000000000002
2024-09-26,R3-FIXED DOME,FIXED_DOME,,20.0,20.0,25.4,,,,,,,,,,,,663.2875335120644,0.0,0.0,1.0,18.251388888888886,26.1,10.3,215.0111111111111,0.034,81.67979166666666,0.6718055555555555,1.0795486111111112,15.8
2024-09-27,R3-FIXED DOME,FIXED_DOME,,20.0,20.0,28.3,,,,,,,,,,,,690.4281447062727,0.0,0.0,1.0,18.89375,25.8,14.3,177.80555555555554,8.441,81.60711805555555,0.5049652777777778,0.8511458333333333,11.5
2024-09-28,R3-FIXED DOME,FIXED_DOME,,20.0,20.0,27.9,,,,,,,,,,,,664.1276171485544,0.0,0.0,1.0,18.01944444444445,25.4,13.5,162.79861111111111,0.459,81.4990625,0.4437847222222222,0.9344444444444444,11.9
2024-09-30,R3-FIXED DOME,FIXED_DOME,,20.0,20.0,27.0,,,,,,,,,,,,1387.75,0.0,0.0,1.0,18.740972222222226,26.2,14.7,204.1888888888889,2.754,81.51243055555557,0.4861805555555556,0.9633935018050542,11.5
2024-10-01,R3-FIXED DOME,FIXED_DOME,,,,29.9,,,,,,,,,,,,,0.0,,,20.03368055555556,26.3,14.4,235.73194444444445,0.0,81.46791666666667,0.7261111111111112,1.1946527777777778,11.9
2024-10-01,R3-FIXED DOME,FIXED_DOME,,20.0,20.0,28.5,,,,,,,,,,,,648.318407960199,0.0,0.0,1.0,20.03368055555556,26.3,14.4,235.73194444444445,0.0,81.46791666666667,0.7261111111111112,1.1946527777777778,11.9
2024-10-02,R3-FIXED DOME,FIXED_DOME,,20.0,30.0,32.6,,,,,,,,,,,,795.0589005235602,0.0,0.0,0.6666666666666666,19.06111111111112,24.0,15.9,171.61944444444444,0.0,81.56246527777779,0.5744791666666667,1.361701388888889,8.1
2024-10-02,R3-FIXED DOME,FIXED_DOME,,20.0,20.0,23.6,,,,,,,,,,,,690.323668240054,0.0,0.0,1.0,19.06111111111112,24.0,15.9,171.61944444444444,0.0,81.56246527777779,0.5744791666666667,1.361701388888889,8.1
2024-10-03,R3-FIXED DOME,FIXED_DOME,,20.0,20.0,23.0,,,,,,,,,,,,649.2972972972973,0.0,0.0,1.0,17.882986111111112,23.1,13.6,160.60625,0.0,81.7117013888889,0.5448958333333334,1.1876736111111112,9.500000000000002
2024-10-04,R3-FIXED DOME,FIXED_DOME,,20.0,20.0,25.7,,,,,,,,,,,,690.9541345831939,0.0,0.0,1.0,18.339930555555554,24.9,11.2,231.5111111111111,0.034,81.77416666666666,0.7812152777777778,1.1527777777777777,13.7
2024-10-05,R3-FIXED DOME,FIXED_DOME,,20.0,20.0,19.3,,,,,,,,,,,,749.0455011974,0.0,0.0,1.0,17.814583333333335,22.8,14.7,120.28680555555556,0.0,81.73538194444444,0.4985069444444444,1.1299652777777778,8.100000000000001
2024-10-07,R3-FIXED DOME,FIXED_DOME,,20.0,20.0,23.1,,,,,,,,,,,,1463.191489361702,0.0,0.0,1.0,17.853819444444444,22.5,14.8,144.04791666666668,0.0,81.73788194444444,0.4454861111111111,0.9134027777777778,7.699999999999999
2024-10-08,R3-FIXED DOME,FIXED_DOME,,20.0,20.0,,,,,,,,,,,,,-3371.0,0.0,0.0,1.0,19.122916666666665,25.1,14.9,211.44791666666663,0.0,81.80506944444444,0.6487152777777778,1.0426041666666666,10.2
2024-10-08,R3-FIXED DOME,FIXED_DOME,,20.0,20.0,24.1,,,,,,,,,,,,631.2722988892629,0.0,0.0,1.0,19.122916666666665,25.1,14.9,211.44791666666663,0.0,81.80506944444444,0.6487152777777778,1.0426041666666666,10.2
2024-10-09,R3-FIXED DOME,FIXED_DOME,,20.0,20.0,24.5,,,,,,,,,,,,752.470588235294,0.0,0.0,1.0,18.85590277777778,25.6,13.5,223.86944444444444,0.0,81.84291666666667,0.7392708333333333,1.1140277777777776,12.1
2024-10-10,R3-FIXED DOME,FIXED_DOME,,20.0,20.0,22.7,,,,,,,,,,,,786.5945214744675,0.0,0.0,1.0,18.240625,23.8,13.4,213.8111111111111,0.0,81.80090277777778,0.6346527777777777,1.1184375,10.4
2024-10-11,R3-FIXED DOME,FIXED_DOME,,20.0,20.0,22.0,,,,,,,,,,,,773.6542372881355,0.0,0.0,1.0,18.771527777777777,24.6,14.4,187.04305555555555,0.0,81.80010416666667,0.7059027777777778,1.218784722222222,10.2
2024-10-12,R3-FIXED DOME,FIXED_DOME,,20.0,20.0,23.0,,,,,,,,,,,,795.9425675675675,0.0,0.0,1.0,18.365625,24.6,13.5,198.06458333333333,0.0,81.84777777777778,0.6757638888888889,1.3999652777777778,11.1
2024-10-14,R3-FIXED DOME,FIXED_DOME,,20.0,20.0,25.5,,,,,,,,,,,,1545.6281407035176,0.0,0.0,1.0,18.91076388888889,26.5,11.5,250.84583333333336,0.017,81.71770833333333,0.7989583333333333,1.0125347222222223,15.0
2024-10-15,R3-FIXED DOME,FIXED_DOME,,20.0,20.0,25.1,,,,,,,,,,,,774.7668567594766,0.0,0.0,1.0,18.338194444444444,27.0,12.3,206.53125,0.204,81.69111111111111,0.5724652777777778,0.9385416666666668,14.7
2024-10-16,R3-FIXED DOME,FIXED_DOME,,20.0,20.0,28.5,,,,,,,,,,,,776.8955223880597,0.0,0.0,1.0,19.58020833333333,26.4,15.5,183.41458333333333,0.136,81.70982638888889,0.6416666666666667,0.9232291666666668,10.9
2024-10-17,R3-FIXED DOME,FIXED_DOME,,20.0,20.0,25.0,,,,,,,,,,,,784.1879194630872,0.0,0.0,1.0,20.40173611111111,26.7,15.4,216.98055555555555,0.0,81.72086805555556,0.8789236111111111,0.8922916666666667,11.3
2024-10-18,R3-FIXED DOME,FIXED_DOME,,20.0,20.0,25.5,,,,,,,,,,,,792.0201005025125,0.0,0.0,1.0,17.844155844155843,26.5,13.5,207.99090909090907,0.0,81.67999999999999,0.5033116883116884,0.7838961038961039,13.0
2024-04-22,R4-FIXED DOME,FIXED_DOME,,20.0,30.0,27.8,,,,,,,,,,,,219850.3125,0.0,0.0,0.6666666666666666,18.634375,24.9,15.6,149.7076388888889,45.664,81.5026736111111,0.2607638888888888,0.824516129032258,9.3
2024-04-23,R4-FIXED DOME,FIXED_DOME,,20.0,30.0,22.2,,,,,,,,,,,,79.53252032520325,0.0,0.0,0.6666666666666666,18.97152777777778,24.4,16.0,136.0076388888889,30.557,81.4667013888889,0.2401041666666666,0.9626136363636364,8.399999999999999
2024-04-24,R4-FIXED DOME,FIXED_DOME,,20.0,30.0,22.9,,,,,,,,,,,,71.96350118283203,0.0,0.0,0.6666666666666666,18.105555555555554,24.1,15.5,138.92291666666668,29.974,81.44788194444445,0.1889236111111111,0.7051041666666666,8.600000000000001
2024-04-25,R4-FIXED DOME,FIXED_DOME,,20.0,30.0,24.6,,,,,,,,,,,,54.12298387096774,0.0,0.0,0.6666666666666666,19.136458333333334,24.1,16.1,177.97222222222223,13.837,81.39743055555556,0.2988194444444444,0.7764583333333334,8.0
2024-04-26,R4-FIXED DOME,FIXED_DOME,,20.0,30.0,22.4,,,,,,,,,,,,35.11848341232228,0.0,0.0,0.6666666666666666,17.441666666666666,23.1,15.8,101.18472222222222,5.101,81.48579861111111,0.1819791666666667,0.6486111111111111,7.300000000000001
2024-04-27,R4-FIXED DOME,FIXED_DOME,,20.0,30.0,27.2,,,,,,,,,,,,26.372418387741508,0.0,0.0,0.6666666666666666,18.668750000000003,25.0,14.9,168.24444444444444,5.206,81.41732638888888,0.3104513888888889,0.8275694444444445,10.1
2024-04-29,R4-FIXED DOME,FIXED_DOME,,20.0,30.0,27.0,,,,,,,,,,,,35.49,0.0,0.0,0.6666666666666666,17.710416666666667,22.8,14.4,102.90347222222222,28.601,81.5292013888889,0.1784375,0.7272432432432432,8.4
2024-04-30,R4-FIXED DOME,FIXED_DOME,,20.0,30.0,25.6,,,,,,,,,,,,26.513730743469523,0.0,0.0,0.6666666666666666,19.246180555555554,25.9,15.4,182.67777777777772,11.261,81.40770833333333,0.3294444444444444,0.6211111111111111,10.499999999999998
2024-05-01,R4-FIXED DOME,FIXED_DOME,,20.0,30.0,21.2,,,,,,,,,,,,35.26172671651938,0.0,0.0,0.6666666666666666,19.08194444444445,24.3,16.0,139.19722222222222,59.883,81.35878472222223,0.2757291666666666,0.5873263888888889,8.3
2024-05-02,R4-FIXED DOME,FIXED_DOME,,20.0,30.0,25.4,,,,,,,,,,,,15.5529490616622,0.0,0.0,0.6666666666666666,18.856250000000003,26.2,16.4,129.36111111111111,20.465,81.38517361111111,0.2534375,0.6594791666666667,9.8
2024-05-03,R4-FIXED DOME,FIXED_DOME,,20.0,30.0,26.6,,,,,,,,,,,,501.1682242990654,0.0,0.0,0.6666666666666666,19.53993055555556,24.7,16.4,173.70069444444445,5.905,81.45854166666668,0.3486458333333333,0.7819791666666667,8.3
2024-05-03,R4-FIXED DOME,FIXED_DOME,,20.0,30.0,24.6,,,,,,,,,,,,27.520161290322577,0.0,0.0,0.6666666666666666,19.53993055555556,24.7,16.4,173.70069444444445,5.905,81.45854166666668,0.3486458333333333,0.7819791666666667,8.3
2024-05-04,R4-FIXED DOME,FIXED_DOME,,20.0,30.0,22.2,,,,,,,,,,,,27.74390243902439,0.0,0.0,0.6666666666666666,18.277083333333334,24.4,15.8,104.20208333333332,29.177,81.59826388888888,0.2517013888888889,0.6540972222222222,8.599999999999998
2024-05-06,R4-FIXED DOME,FIXED_DOME,,20.0,30.0,19.6,,,,,,,,,,,,41.05263157894736,0.0,0.0,0.6666666666666666,17.500347222222224,23.1,14.8,124.59166666666668,22.468,81.64086805555556,0.2220486111111111,0.8114930555555556,8.3
2024-05-07,R4-FIXED DOME,FIXED_DOME,,20.0,30.0,19.4,,,,,,,,,,,,31.74418604651163,0.0,0.0,0.6666666666666666,18.01944444444445,21.6,16.1,77.64305555555556,23.067,81.66024305555555,0.1868402777777777,0.9112847222222222,5.5
2024-05-08,R4-FIXED DOME,FIXED_DOME,,20.0,30.0,21.8,,,,,,,,,,,,21.299185888738126,0.0,0.0,0.6666666666666666,17.633680555555557,21.5,15.0,92.45972222222224,0.0,81.5936111111111,0.2074305555555555,1.135486111111111,6.5
2024-05-09,R4-FIXED DOME,FIXED_DOME,,20.0,20.0,22.2,,,,,,,,,,,,29.59349593495935,0.0,0.0,1.0,17.731250000000003,21.5,14.7,102.89513888888888,0.0,81.55402777777778,0.2844791666666666,1.141111111111111,6.800000000000001
2024-05-10,R4-FIXED DOME,FIXED_DOME,,20.0,20.0,20.2,,,,,,,,,,,,13.966575716234653,0.0,0.0,1.0,17.88784722222222,22.6,15.9,92.20833333333331,0.204,81.60708333333334,0.2435763888888889,0.909652777777778,6.700000000000001
2024-05-11,R4-FIXED DOME,FIXED_DOME,,20.0,20.0,25.8,,,,,,,,,,,,22.84136546184739,0.0,0.0,1.0,19.496875000000003,25.2,15.2,199.8722222222222,0.017,81.66368055555556,0.4635763888888888,0.9291666666666668,10.0
2024-05-13,R4-FIXED DOME,FIXED_DOME,,20.0,20.0,24.7,,,,,,,,,,,,38.51528384279476,0.0,0.0,1.0,19.31631944444445,24.7,15.2,191.48194444444445,0.0,81.61340277777778,0.5412152777777778,0.844375,9.5
2024-05-14,R4-FIXED DOME,FIXED_DOME,,20.0,20.0,25.6,,,,,,,,,,,,15.542531815137306,0.0,0.0,1.0,19.054861111111112,24.3,15.6,174.80763888888887,0.476,81.62076388888889,0.4636458333333333,0.8808680555555556,8.700000000000001
2024-06-03,R4-FIXED DOME,FIXED_DOME,,20.0,30.0,29.7,,,,,,,,,,,,556.4618434093162,0.0,0.0,0.6666666666666666,18.823958333333334,23.5,15.6,126.40833333333332,0.952,81.69121527777777,0.3234722222222222,0.6792708333333333,7.9
2024-06-04,R4-FIXED DOME,FIXED_DOME,,20.0,20.0,25.7,,,,,,,,,,,,49.35386675594242,0.0,0.0,1.0,18.804513888888888,25.2,15.5,137.7201388888889,0.187,81.67913194444445,0.328125,0.6520833333333333,9.7
2024-06-05,R4-FIXED DOME,FIXED_DOME,,20.0,20.0,22.4,,,,,,,,,,,,109.97630331753555,0.0,0.0,1.0,17.960416666666667,23.2,13.9,144.85763888888889,2.7880000000000003,81.6628125,0.2921875,0.828125,9.3
2024-06-06,R4-FIXED DOME,FIXED_DOME,,20.0,20.0,19.7,,,,,,,,,,,,183.74103177314657,0.0,0.0,1.0,17.617013888888888,21.7,14.8,93.56180555555557,0.8160000000000001,81.76510416666666,0.3114583333333333,0.8808680555555556,6.899999999999999
2024-06-07,R4-FIXED DOME,FIXED_DOME,,20.0,20.0,22.8,,,,,,,,,,,,235.3448275862069,0.0,0.0,1.0,18.01284722222222,24.7,14.2,155.43194444444444,0.255,81.81798611111111,0.3282291666666667,0.7253472222222223,10.5
2024-06-08,R4-FIXED DOME,FIXED_DOME,,20.0,20.0,20.3,,,,,,,,,,,,256.8973747016706,0.0,0.0,1.0,17.073958333333334,22.8,14.4,133.28194444444443,0.153,81.76618055555555,0.2174652777777778,0.7773611111111111,8.4
2024-06-10,R4-FIXED DOME,FIXED_DOME,,20.0,20.0,22.2,,,,,,,,,,,,504.9390243902439,0.0,0.0,1.0,17.537152777777777,21.6,14.0,131.03055555555557,0.119,81.81920138888889,0.4066319444444444,0.7794097222222223,7.600000000000001
2024-06-11,R4-FIXED DOME,FIXED_DOME,,20.0,20.0,21.8,,,,,,,,,,,,186.13636363636363,0.0,0.0,1.0,16.911805555555556,20.9,12.0,129.67916666666667,0.102,81.84677083333332,0.4238194444444444,0.8822916666666667,8.899999999999999
2024-06-12,R4-FIXED DOME,FIXED_DOME,,20.0,20.0,23.1,,,,,,,,,,,,172.41134751773046,0.0,0.0,1.0,16.960416666666667,21.8,12.3,160.28680555555556,0.085,81.87194444444444,0.4258333333333333,0.8272569444444444,9.5
2024-06-13,R4-FIXED DOME,FIXED_DOME,,20.0,20.0,22.4,,,,,,,,,,,,280.9478672985782,0.0,0.0,1.0,17.0875,23.3,10.7,176.46944444444443,0.068,81.8204513888889,0.4561111111111111,0.7632986111111112,12.6
2024-06-14,R4-FIXED DOME,FIXED_DOME,,20.0,20.0,29.8,,,,,,,,,,,,218.18361955085865,0.0,0.0,1.0,17.341666666666665,23.2,11.2,173.96805555555557,0.017,81.75454861111112,0.4586805555555555,0.8838541666666667,12.0
2024-06-15,R4-FIXED DOME,FIXED_DOME,,20.0,20.0,24.5,,,,,,,,,,,,89.92941176470588,0.0,0.0,1.0,17.261805555555554,22.1,12.3,148.97291666666666,0.051,81.62829861111112,0.3544097222222222,0.8703819444444444,9.8
2024-06-17,R4-FIXED DOME,FIXED_DOME,,20.0,20.0,22.6,,,,,,,,,,,,11.08254397834912,0.0,0.0,1.0,17.42013888888889,22.5,12.4,173.56597222222223,0.0,81.78243055555555,0.4585763888888888,0.8146180555555556,10.1
2024-06-18,R4-FIXED DOME,FIXED_DOME,,20.0,20.0,23.0,,,,,,,,,,,,35.9695945945946,0.0,0.0,1.0,16.821180555555557,21.9,11.7,164.48263888888889,0.136,81.81600694444444,0.4767361111111111,0.936875,10.2
2024-06-19,R4-FIXED DOME,FIXED_DOME,,20.0,20.0,21.0,,,,,,,,,,,,26.92857142857143,0.0,0.0,1.0,17.211111111111112,22.8,14.0,116.8722222222222,0.0,81.795625,0.3480555555555555,0.9133333333333334,8.8
2024-06-20,R4-FIXED DOME,FIXED_DOME,,20.0,20.0,18.6,,,,,,,,,,,,73.96090534979423,0.0,0.0,1.0,16.024305555555557,18.9,14.1,76.48541666666667,5.48,81.9203125,0.235,1.1034375,4.799999999999999
2024-06-21,R4-FIXED DOME,FIXED_DOME,,20.0,20.0,20.5,,,,,,,,,,,,105.10732538330494,0.0,0.0,1.0,15.9375,19.8,12.8,138.21458333333334,0.136,81.88788194444444,0.3404861111111111,1.461076388888889,7.0
2024-06-22,R4-FIXED DOME,FIXED_DOME,,20.0,20.0,19.7,,,,,,,,,,,,111.92347113085071,0.0,0.0,1.0,15.58472222222222,20.7,12.5,154.78819444444446,0.0,81.80746527777778,0.3682291666666666,1.0271180555555557,8.2
2024-06-24,R4-FIXED DOME,FIXED_DOME,,20.0,20.0,18.4,,,,,,,,,,,,71.20109814687716,0.0,0.0,1.0,15.279861111111112,20.9,10.6,148.30416666666667,0.0,81.81572916666667,0.3817013888888889,0.9991666666666666,10.3
2024-06-25,R4-FIXED DOME,FIXED_DOME,,20.0,20.0,22.8,,,,,,,,,,,,44.30020283975659,0.0,0.0,1.0,15.346527777777778,22.2,9.4,190.8430555555556,0.085,81.741875,0.451875,1.0078125,12.8
2024-06-26,R4-FIXED DOME,FIXED_DOME,,20.0,20.0,22.5,,,,,,,,,,,,18.477157360406093,0.0,0.0,1.0,15.94409722222222,21.0,10.9,138.97361111111113,0.0,81.73708333333333,0.4617708333333333,1.025486111111111,10.1
2024-06-27,R4-FIXED DOME,FIXED_DOME,,20.0,20.0,16.7,,,,,,,,,,,,59.36831204694512,0.0,0.0,1.0,15.145833333333334,19.0,12.1,93.90208333333334,0.289,81.88729166666667,0.2858680555555555,1.2167708333333334,6.9
2024-06-28,R4-FIXED DOME,FIXED_DOME,,20.0,20.0,23.1,,,,,,,,,,,,49.78723404255319,0.0,0.0,1.0,14.720138888888888,19.7,10.1,140.58819444444444,0.102,81.84979166666668,0.3459722222222222,1.088854166666667,9.6
2024-06-29,R4-FIXED DOME,FIXED_DOME,,20.0,20.0,19.4,,,,,,,,,,,,89.63064295485637,0.0,0.0,1.0,16.439930555555556,22.4,12.4,187.99791666666667,0.0,81.75270833333333,0.410625,0.9500347222222224,9.999999999999998
2024-07-01,R4-FIXED DOME,FIXED_DOME,,20.0,20.0,22.4,,,,,,,,,,,,57.29857819905214,0.0,0.0,1.0,17.05763888888889,23.0,12.9,200.4875,0.0,81.87291666666667,0.5462847222222222,0.8997916666666667,10.1
2024-07-02,R4-FIXED DOME,FIXED_DOME,,,,25.5,,,,,,,,,,,,121.63819095477386,0.0,0.0,,16.99652777777778,22.5,11.3,173.3625,0.0,81.81541666666666,0.5319791666666667,0.9193402777777776,11.2
2024-07-02,R4-FIXED DOME,FIXED_DOME,,20.0,20.0,23.6,,,,,,,,,,,,32.215104517869186,0.0,0.0,1.0,16.99652777777778,22.5,11.3,173.3625,0.0,81.81541666666666,0.5319791666666667,0.9193402777777776,11.2
2024-07-03,R4-FIXED DOME,FIXED_DOME,,20.0,30.0,25.6,,,,,,,,,,,,610.73007367716,0.0,0.0,0.6666666666666666,17.235763888888886,23.5,11.3,182.69791666666663,40.149,81.7742013888889,0.4747916666666667,0.9857826086956522,12.2
2024-07-03,R4-FIXED DOME,FIXED_DOME,,20.0,20.0,24.8,,,,,,,,,,,,63.25386165211551,0.0,0.0,1.0,17.235763888888886,23.5,11.3,182.69791666666663,40.149,81.7742013888889,0.4747916666666667,0.9857826086956522,12.2
2024-07-04,R4-FIXED DOME,FIXED_DOME,,20.0,20.0,21.0,,,,,,,,,,,,249.7857142857143,0.0,0.0,1.0,17.353819444444444,22.9,12.9,170.66805555555555,0.0,81.75746527777778,0.4257291666666666,0.8909722222222223,9.999999999999998
2024-07-05,R4-FIXED DOME,FIXED_DOME,,20.0,20.0,19.5,,,,,,,,,,,,274.4,0.0,0.0,1.0,17.009027777777778,22.7,13.3,159.19236111111113,0.0,81.69565972222222,0.4336805555555555,0.83,9.4
2024-07-06,R4-FIXED DOME,FIXED_DOME,,20.0,20.0,20.2,,,,,,,,,,,,204.8431105047749,0.0,0.0,1.0,17.05138888888889,22.6,12.9,111.06944444444444,9.443,81.635625,0.3178819444444444,0.7051736111111111,9.7
2024-07-08,R4-FIXED DOME,FIXED_DOME,,20.0,20.0,25.3,,,,,,,,,,,,217.81428092524305,0.0,0.0,1.0,17.422222222222224,24.9,13.4,182.76041666666663,23.188,81.55388888888889,0.3270486111111111,0.9438541666666668,11.499999999999998
2024-07-09,R4-FIXED DOME,FIXED_DOME,,20.0,20.0,21.8,,,,,,,,,,,,102.79172320217096,0.0,0.0,1.0,16.80625,21.3,14.4,96.02708333333334,6.65,81.59246527777778,0.2270833333333333,0.7243055555555555,6.9
2024-07-10,R4-FIXED DOME,FIXED_DOME,,20.0,20.0,18.6,,,,,,,,,,,,134.8148148148148,0.0,0.0,1.0,15.69652777777778,18.7,13.7,64.6,43.233,81.70260416666666,0.2372916666666666,0.8872222222222222,5.0
2024-07-11,R4-FIXED DOME,FIXED_DOME,,20.0,20.0,23.5,,,,,,,,,,,,114.17200674536257,0.0,0.0,1.0,15.334375,20.2,10.3,159.94236111111113,5.151000000000001,81.77104166666668,0.3619444444444444,1.0481944444444444,9.9
2024-07-12,R4-FIXED DOME,FIXED_DOME,,20.0,20.0,24.4,,,,,,,,,,,,179.00134498991258,0.0,0.0,1.0,16.408680555555556,22.3,10.2,169.08402777777778,3.621,81.8059375,0.4885416666666666,1.069375,12.1
2024-07-13,R4-FIXED DOME,FIXED_DOME,,20.0,20.0,21.2,,,,,,,,,,,,39.90142760027192,0.0,0.0,1.0,16.302777777777777,20.2,14.2,85.91111111111111,0.0,81.82930555555555,0.2953125,0.8831944444444445,6.0
2024-07-15,R4-FIXED DOME,FIXED_DOME,,20.0,20.0,24.0,,,,,,,,,,,,23.8989898989899,0.0,0.0,1.0,17.00625,22.4,10.9,157.28819444444446,0.0,81.77690972222223,0.451423611111111,0.7861458333333333,11.499999999999998
2024-07-16,R4-FIXED DOME,FIXED_DOME,,20.0,20.0,17.3,,,,,,,,,,,,26.33138132965897,0.0,0.0,1.0,15.61875,18.1,13.8,42.49097222222222,0.0,81.74892361111111,0.2155555555555555,0.7036458333333333,4.300000000000001
2024-07-17,R4-FIXED DOME,FIXED_DOME,,20.0,20.0,22.5,,,,,,,,,,,,3.695431472081218,0.0,0.0,1.0,15.894444444444446,19.9,13.6,84.57430555555555,2.006,81.75440972222222,0.1913888888888889,0.734375,6.299999999999999
2024-07-18,R4-FIXED DOME,FIXED_DOME,,20.0,20.0,17.0,,,,,,,,,,,,161.91724137931035,0.0,0.0,1.0,14.51388888888889,17.4,13.7,38.95625,19.163,81.7825,0.1054513888888888,0.7757291666666667,3.6999999999999993
2024-07-19,R4-FIXED DOME,FIXED_DOME,,20.0,20.0,20.0,,,,,,,,,,,,297.22525597269623,0.0,0.0,1.0,15.74375,19.2,13.2,97.51597222222222,12.444,81.68375,0.2471875,0.8190277777777778,6.0
2024-07-20,R4-FIXED DOME,FIXED_DOME,,20.0,20.0,18.7,,,,,,,,,,,,324.7548851559822,0.0,0.0,1.0,16.242708333333333,20.8,12.7,95.89166666666668,0.204,81.68527777777778,0.2933333333333333,0.8463541666666666,8.100000000000001
2024-07-22,R4-FIXED DOME,FIXED_DOME,,20.0,20.0,18.7,,,,,,,,,,,,439.8697291738088,0.0,0.0,1.0,16.923958333333335,22.1,13.4,131.02152777777778,0.0,81.83708333333334,0.3836458333333333,0.8635416666666667,8.700000000000001
2024-07-23,R4-FIXED DOME,FIXED_DOME,,20.0,20.0,21.5,,,,,,,,,,,,146.46519524617997,0.0,0.0,1.0,16.069791666666667,21.8,10.8,185.42222222222225,0.0,81.97625,0.4580208333333333,0.8598958333333333,11.0
2024-07-24,R4-FIXED DOME,FIXED_DOME,,20.0,20.0,19.4,,,,,,,,,,,,104.56908344733245,0.0,0.0,1.0,15.259722222222225,19.9,11.1,91.31041666666668,0.0,81.88875,0.3198611111111111,0.7874305555555555,8.799999999999999
2024-07-25,R4-FIXED DOME,FIXED_DOME,,20.0,20.0,19.1,,,,,,,,,,,,164.49161246148577,0.0,0.0,1.0,17.03402777777778,24.4,10.5,172.63958333333332,0.493,81.65565972222223,0.4054166666666667,0.8419791666666667,13.9
2024-07-26,R4-FIXED DOME,FIXED_DOME,,20.0,20.0,20.2,,,,,,,,,,,,338.9222373806276,0.0,0.0,1.0,17.501041666666666,25.4,14.5,157.14999999999998,42.215,81.62604166666667,0.2929861111111111,0.7526736111111112,10.9
2024-07-27,R4-FIXED DOME,FIXED_DOME,,20.0,20.0,21.8,,,,,,,,,,,,193.54477611940297,0.0,0.0,1.0,15.734375,18.6,13.8,64.5625,44.811,81.7028125,0.1431597222222222,0.8563194444444444,4.800000000000001
2024-07-29,R4-FIXED DOME,FIXED_DOME,,20.0,20.0,20.6,,,,,,,,,,,,90.19414168937328,0.0,0.0,1.0,17.454166666666666,22.0,13.0,87.0298611111111,0.119,81.5678125,0.2849305555555556,0.6755902777777778,9.0
2024-07-30,R4-FIXED DOME,FIXED_DOME,,20.0,20.0,20.6,,,,,,,,,,,,0.0,0.0,0.0,1.0,16.617361111111112,21.7,14.2,88.47222222222223,33.17,81.60805555555555,0.2213888888888888,0.8120673076923077,7.5
2024-07-31,R4-FIXED DOME,FIXED_DOME,,20.0,20.0,15.8,,,,,,,,,,,,682.4999999999999,0.0,0.0,1.0,15.248611111111112,19.7,11.7,90.74583333333334,5.018,81.69388888888889,0.2106944444444444,0.811070110701107,8.0
2024-08-01,R4-FIXED DOME,FIXED_DOME,,20.0,20.0,19.1,,,,,,,,,,,,772.9236562820951,0.0,0.0,1.0,14.883680555555555,20.7,10.4,118.61736111111112,0.136,81.80024305555555,0.28875,0.8899652777777778,10.3
2024-08-02,R4-FIXED DOME,FIXED_DOME,,20.0,30.0,25.5,,,,,,,,,,,,335.6482412060301,0.0,0.0,0.6666666666666666,15.579166666666667,19.8,11.3,106.80902777777776,0.0,81.78840277777778,0.3090625,0.8297222222222222,8.5
2024-08-02,R4-FIXED DOME,FIXED_DOME,,20.0,20.0,16.3,,,,,,,,,,,,786.0663670929831,0.0,0.0,1.0,15.579166666666667,19.8,11.3,106.80902777777776,0.0,81.78840277777778,0.3090625,0.8297222222222222,8.5
2024-08-03,R4-FIXED DOME,FIXED_DOME,,20.0,30.0,,,,,,,,,,,,,102914.0,0.0,0.0,0.6666666666666666,16.366666666666667,20.2,13.4,118.52361111111112,0.0,81.75538194444444,0.3238194444444444,0.9982986111111112,6.799999999999999
2024-08-03,R4-FIXED DOME,FIXED_DOME,,20.0,20.0,24.7,,,,,,,,,,,,780.3930131004367,0.0,0.0,1.0,16.366666666666667,20.2,13.4,118.52361111111112,0.0,81.75538194444444,0.3238194444444444,0.9982986111111112,6.799999999999999
2024-08-05,R4-FIXED DOME,FIXED_DOME,,20.0,20.0,30.4,,,,,,,,,,,,1483.7738958470668,0.0,0.0,1.0,17.388541666666665,26.0,9.6,235.00625,0.136,81.63586805555556,0.6911111111111111,0.9636805555555557,16.4
2024-08-06,R4-FIXED DOME,FIXED_DOME,,20.0,20.0,27.4,,,,,,,,,,,,748.8415446071905,0.0,0.0,1.0,17.288194444444443,24.8,10.8,160.59444444444443,0.119,81.63746527777778,0.5322916666666667,0.9267708333333334,14.0
2024-08-07,R4-FIXED DOME,FIXED_DOME,,20.0,20.0,25.2,,,,,,,,,,,,750.7042253521126,0.0,0.0,1.0,16.448958333333334,21.7,10.8,159.25,0.017,81.6778125,0.4502777777777778,1.0095486111111112,10.9
2024-08-08,R4-FIXED DOME,FIXED_DOME,,20.0,20.0,,,,,,,,,,,,,,,,1.0,15.87326388888889,18.7,14.0,65.17083333333333,4.063,81.68802083333334,0.1894791666666666,0.7853472222222222,4.699999999999999
2024-08-09,R4-FIXED DOME,FIXED_DOME,,20.0,20.0,16.9,,,,,,,,,,,,754.3049327354261,0.0,0.0,1.0,15.419791666666663,17.7,14.0,58.43055555555556,2.244,81.73399305555556,0.1151388888888889,0.8594791666666667,3.6999999999999993
2024-08-10,R4-FIXED DOME,FIXED_DOME,,20.0,20.0,16.2,,,,,,,,,,,,786.338174273859,0.0,0.0,1.0,15.988541666666666,21.4,13.0,143.59583333333333,0.017,81.744375,0.2752777777777778,0.9682291666666668,8.399999999999999
2024-08-12,R4-FIXED DOME,FIXED_DOME,,20.0,20.0,18.1,,,,,,,,,,,,1523.9608381999312,0.0,0.0,1.0,16.264930555555555,21.9,13.8,83.48541666666667,0.085,81.59732638888889,0.2506597222222222,0.8111458333333333,8.099999999999998
2024-08-13,R4-FIXED DOME,FIXED_DOME,,20.0,20.0,18.1,,,,,,,,,,,,775.5788388869803,0.0,0.0,1.0,17.014583333333334,22.7,13.5,142.57222222222222,0.0,81.66416666666666,0.4165625,0.8456944444444444,9.2
2024-08-14,R4-FIXED DOME,FIXED_DOME,,20.0,20.0,22.0,,,,,,,,,,,,756.9966101694915,0.0,0.0,1.0,17.42638888888889,23.4,12.9,160.10902777777778,0.0,81.64725694444445,0.4255555555555556,0.7254513888888889,10.499999999999998
2024-08-15,R4-FIXED DOME,FIXED_DOME,,20.0,20.0,20.5,,,,,,,,,,,,766.4463373083474,0.0,0.0,1.0,17.304861111111112,22.9,14.1,140.48194444444445,0.0,81.70309027777779,0.3462847222222222,0.8311805555555556,8.799999999999999
2024-08-16,R4-FIXED DOME,FIXED_DOME,,20.0,20.0,17.6,,,,,,,,,,,,710.2133516861666,0.0,0.0,1.0,16.986458333333335,22.0,14.0,116.39791666666666,0.221,81.74118055555556,0.38625,0.8304513888888888,8.0
2024-08-17,R4-FIXED DOME,FIXED_DOME,,20.0,20.0,23.1,,,,,,,,,,,,744.9645390070921,0.0,0.0,1.0,16.403125000000003,22.7,10.4,160.10069444444446,0.051,81.68444444444444,0.5339583333333333,0.9672916666666668,12.3
2024-08-19,R4-FIXED DOME,FIXED_DOME,,20.0,20.0,19.0,,,,,,,,,,,,1430.445205479452,0.0,0.0,1.0,15.767013888888888,22.7,9.3,170.2513888888889,0.085,81.79642361111111,0.4767013888888888,0.9527083333333332,13.4
2024-08-20,R4-FIXED DOME,FIXED_DOME,,20.0,20.0,22.4,,,,,,,,,,,,768.9099526066352,0.0,0.0,1.0,16.16111111111111,21.8,11.2,110.16041666666666,0.0,81.7709375,0.4032986111111111,0.7400694444444444,10.6
2024-08-21,R4-FIXED DOME,FIXED_DOME,,20.0,20.0,16.0,,,,,,,,,,,,731.1487889273357,0.0,0.0,1.0,15.266319444444443,18.3,13.2,61.07083333333334,0.0,81.6711111111111,0.3121180555555555,0.8912152777777779,5.100000000000001
2024-08-22,R4-FIXED DOME,FIXED_DOME,,20.0,20.0,16.3,,,,,,,,,,,,808.7141375734532,0.0,0.0,1.0,15.710763888888888,20.5,12.9,108.94236111111113,0.578,81.6854861111111,0.3245138888888889,0.7725347222222223,7.6
2024-08-23,R4-FIXED DOME,FIXED_DOME,,20.0,20.0,19.9,,,,,,,,,,,,778.2690337999318,0.0,0.0,1.0,15.923958333333337,20.0,12.8,92.77638888888887,0.034,81.74090277777778,0.3332638888888889,0.8298263888888889,7.199999999999999
2024-08-24,R4-FIXED DOME,FIXED_DOME,,20.0,20.0,16.3,,,,,,,,,,,,680.376771517456,0.0,0.0,1.0,15.507638888888888,18.6,13.4,57.23194444444445,0.0,81.81902777777778,0.3025694444444444,0.7604861111111112,5.200000000000001
2024-08-26,R4-FIXED DOME,FIXED_DOME,,20.0,20.0,17.9,,,,,,,,,,,,1448.0543141973187,0.0,0.0,1.0,16.156944444444445,20.9,13.0,115.22361111111113,0.0,81.83121527777777,0.3667361111111111,0.8623611111111111,7.899999999999999
2024-08-27,R4-FIXED DOME,FIXED_DOME,,20.0,20.0,20.9,,,,,,,,,,,,746.825450833617,0.0,0.0,1.0,17.530555555555555,22.1,14.9,135.30347222222224,0.0849999999999999,81.83993055555555,0.3815972222222222,0.9602777777777778,7.200000000000001
2024-08-28,R4-FIXED DOME,FIXED_DOME,,20.0,20.0,24.6,,,,,,,,,,,,691.6733870967741,0.0,0.0,1.0,18.48888888888889,24.2,14.4,185.35625,0.0,81.82357638888888,0.506875,1.0154166666666666,9.8
2024-08-29,R4-FIXED DOME,FIXED_DOME,,20.0,20.0,21.9,,,,,,,,,,,,765.5849440488302,0.0,0.0,1.0,18.82986111111111,25.6,14.7,190.75833333333333,0.0,81.76934027777777,0.6009722222222222,0.9830902777777778,10.900000000000002
2024-08-30,R4-FIXED DOME,FIXED_DOME,,20.0,20.0,21.7,,,,,,,,,,,,787.4109263657958,0.0,0.0,1.0,18.23090277777778,24.3,14.2,187.425,0.0,81.79670138888889,0.6034375,1.0077083333333334,10.1
2024-08-31,R4-FIXED DOME,FIXED_DOME,,20.0,20.0,21.3,,,,,,,,,,,,778.2772680937818,0.0,0.0,1.0,16.93402777777778,22.5,12.0,166.52152777777778,0.0,81.81024305555555,0.5228472222222222,1.19625,10.5
2024-09-02,R4-FIXED DOME,FIXED_DOME,,140.0,210.0,23.6,,,,,,,,,,,,262.3229939312205,0.0,0.0,0.6666666666666666,15.999305555555557,20.2,12.1,85.70347222222222,0.0,81.8528125,0.3901388888888888,0.7965972222222222,8.1
2024-09-02,R4-FIXED DOME,FIXED_DOME,,20.0,20.0,18.4,,,,,,,,,,,,1412.779684282773,0.0,0.0,1.0,15.999305555555557,20.2,12.1,85.70347222222222,0.0,81.8528125,0.3901388888888888,0.7965972222222222,8.1
2024-09-03,R4-FIXED DOME,FIXED_DOME,,20.0,30.0,26.0,,,,,,,,,,,,847.3043478260869,0.0,0.0,0.6666666666666666,16.779861111111114,20.6,14.3,84.11944444444445,0.0,81.78472222222223,0.3541666666666667,0.8680902777777777,6.300000000000001
2024-09-03,R4-FIXED DOME,FIXED_DOME,,20.0,20.0,18.4,,,,,,,,,,,,736.36925188744,0.0,0.0,1.0,16.779861111111114,20.6,14.3,84.11944444444445,0.0,81.78472222222223,0.3541666666666667,0.8680902777777777,6.300000000000001
2024-09-04,R4-FIXED DOME,FIXED_DOME,,20.0,20.0,16.2,,,,,,,,,,,,736.3070539419087,0.0,0.0,1.0,15.417708333333334,19.3,13.6,62.04583333333333,10.0,81.8176388888889,0.22,0.9241319444444444,5.700000000000001
2024-09-05,R4-FIXED DOME,FIXED_DOME,,20.0,20.0,19.8,,,,,,,,,,,,733.780737704918,0.0,0.0,1.0,16.683333333333334,21.3,12.5,104.90972222222224,0.0,81.78065972222223,0.4536458333333333,0.8354861111111112,8.8
2024-09-06,R4-FIXED DOME,FIXED_DOME,,20.0,20.0,20.4,,,,,,,,,,,,760.1942740286299,0.0,0.0,1.0,16.79340277777778,20.2,14.1,118.73958333333331,0.0,81.8528125,0.3759027777777778,1.155486111111111,6.1
2024-09-07,R4-FIXED DOME,FIXED_DOME,,20.0,20.0,24.0,,,,,,,,,,,,740.868686868687,0.0,0.0,1.0,17.71527777777778,23.1,12.5,187.3763888888889,0.0,81.87934027777777,0.5688888888888889,0.9213888888888888,10.6
2024-09-08,R4-FIXED DOME,FIXED_DOME,,20.0,20.0,,,,,,,,,,,,,-281805.0,0.0,0.0,1.0,18.276041666666668,25.3,13.9,170.81875000000002,0.034,81.83545138888888,0.6507291666666667,0.8527777777777777,11.4
2024-09-12,R4-FIXED DOME,FIXED_DOME,,20.0,20.0,21.8,,,,,,,,,,,,264092.31004070555,0.0,0.0,1.0,18.234375,25.7,12.5,193.63472222222225,0.0,81.74260416666667,0.7033680555555555,0.9269444444444443,13.2
2024-09-13,R4-FIXED DOME,FIXED_DOME,,20.0,20.0,28.7,,,,,,,,,,,,576.4037122969838,0.0,0.0,1.0,18.152083333333334,25.9,11.9,224.09722222222223,0.0,81.796875,0.7545138888888889,0.9939930555555556,13.999999999999998
2024-09-14,R4-FIXED DOME,FIXED_DOME,,20.0,20.0,30.0,,,,,,,,,,,,567.6237623762377,0.0,0.0,1.0,17.884027777777778,25.0,11.6,260.3701388888889,0.102,81.82548611111112,0.9001041666666667,1.1232291666666667,13.4
2024-09-15,R4-FIXED DOME,FIXED_DOME,,20.0,20.0,28.0,,,,,,,,,,,,273.906976744186,0.0,0.0,1.0,18.85833333333333,26.6,11.3,232.1555555555556,0.0,81.72993055555555,0.8759722222222223,0.9810069444444444,15.3
2024-09-16,R4-FIXED DOME,FIXED_DOME,,20.0,20.0,19.3,,,,,,,,,,,,300.7389668149162,0.0,0.0,1.0,17.639236111111114,25.4,11.4,197.96319444444444,0.0,81.77006944444445,0.6252777777777778,1.0418402777777778,13.999999999999998
2024-09-17,R4-FIXED DOME,FIXED_DOME,,20.0,20.0,26.0,,,,,,,,,,,,211.8260869565217,0.0,0.0,1.0,17.402083333333334,23.3,13.6,131.3465277777778,0.0,81.84909722222223,0.5202430555555556,0.8516319444444445,9.7
2024-09-18,R4-FIXED DOME,FIXED_DOME,,20.0,20.0,24.0,,,,,,,,,,,,183.83838383838383,0.0,0.0,1.0,18.56493055555556,26.0,13.2,205.4020833333333,0.0,81.70413194444444,0.6698958333333334,0.935,12.8
2024-09-19,R4-FIXED DOME,FIXED_DOME,,20.0,20.0,27.6,,,,,,,,,,,,172.55489021956086,0.0,0.0,1.0,18.922222222222224,26.6,12.9,216.0548611111111,0.0,81.51413194444444,0.6530555555555556,0.9260069444444444,13.7
2024-09-20,R4-FIXED DOME,FIXED_DOME,,20.0,20.0,23.7,,,,,,,,,,,,766.4610717896866,0.0,0.0,1.0,19.163541666666667,27.6,14.2,208.24513888888887,9.513,81.60881944444445,0.6252083333333334,0.8598263888888888,13.400000000000002
2024-09-23,R4-FIXED DOME,FIXED_DOME,,20.0,20.0,21.6,,,,,,,,,,,,60.23421588594704,0.0,0.0,1.0,17.080208333333335,21.7,13.2,107.15416666666668,0.0,81.75628472222223,0.5379513888888889,0.9503125,8.5
2024-09-24,R4-FIXED DOME,FIXED_DOME,,20.0,20.0,19.8,,,,,,,,,,,,149.18032786885246,0.0,0.0,1.0,17.56527777777778,23.6,11.9,175.99930555555557,0.0,81.72840277777777,0.6088194444444445,0.9560069444444445,11.7
2024-09-25,R4-FIXED DOME,FIXED_DOME,,20.0,20.0,25.6,,,,,,,,,,,,73.14132618888144,0.0,0.0,1.0,17.82534722222222,23.1,14.2,119.54513888888889,0.0,81.7396875,0.5777430555555555,0.829201388888889,8.900000000000002
2024-09-26,R4-FIXED DOME,FIXED_DOME,,20.0,20.0,29.0,,,,,,,,,,,,116.61258278145696,0.0,0.0,1.0,18.251388888888886,26.1,10.3,215.0111111111111,0.034,81.67979166666666,0.6718055555555555,1.0795486111111112,15.8
2024-09-27,R4-FIXED DOME,FIXED_DOME,,20.0,20.0,27.2,,,,,,,,,,,,85.48301132578283,0.0,0.0,1.0,18.89375,25.8,14.3,177.80555555555554,8.441,81.60711805555555,0.5049652777777778,0.8511458333333333,11.5
2024-09-28,R4-FIXED DOME,FIXED_DOME,,20.0,20.0,27.1,,,,,,,,,,,,181.02965678107296,0.0,0.0,1.0,18.01944444444445,25.4,13.5,162.79861111111111,0.459,81.4990625,0.4437847222222222,0.9344444444444444,11.9
2024-09-30,R4-FIXED DOME,FIXED_DOME,,20.0,20.0,28.9,,,,,,,,,,,,162.76912885061282,0.0,0.0,1.0,18.740972222222226,26.2,14.7,204.1888888888889,2.754,81.51243055555557,0.4861805555555556,0.9633935018050542,11.5
2024-10-01,R4-FIXED DOME,FIXED_DOME,,,,29.9,,,,,,,,,,,,,0.0,,,20.03368055555556,26.3,14.4,235.73194444444445,0.0,81.46791666666667,0.7261111111111112,1.1946527777777778,11.9
2024-10-01,R4-FIXED DOME,FIXED_DOME,,20.0,20.0,23.9,,,,,,,,,,,,98.38666217581678,0.0,0.0,1.0,20.03368055555556,26.3,14.4,235.73194444444445,0.0,81.46791666666667,0.7261111111111112,1.1946527777777778,11.9
2024-10-02,R4-FIXED DOME,FIXED_DOME,,20.0,30.0,26.9,,,,,,,,,,,,38.232744248082696,0.0,0.0,0.6666666666666666,19.06111111111112,24.0,15.9,171.61944444444444,0.0,81.56246527777779,0.5744791666666667,1.361701388888889,8.1
2024-10-02,R4-FIXED DOME,FIXED_DOME,,20.0,20.0,22.9,,,,,,,,,,,,32.29131463332207,0.0,0.0,1.0,19.06111111111112,24.0,15.9,171.61944444444444,0.0,81.56246527777779,0.5744791666666667,1.361701388888889,8.1
2024-10-03,R4-FIXED DOME,FIXED_DOME,,20.0,20.0,26.0,,,,,,,,,,,,75.78260869565217,0.0,0.0,1.0,17.882986111111112,23.1,13.6,160.60625,0.0,81.7117013888889,0.5448958333333334,1.1876736111111112,9.500000000000002
2024-10-04,R4-FIXED DOME,FIXED_DOME,,20.0,20.0,19.3,,,,,,,,,,,,317.5504618542593,0.0,0.0,1.0,18.339930555555554,24.9,11.2,231.5111111111111,0.034,81.77416666666666,0.7812152777777778,1.1527777777777777,13.7
2024-10-07,R4-FIXED DOME,FIXED_DOME,,20.0,20.0,23.3,,,,,,,,,,,,313.2635842051974,0.0,0.0,1.0,17.853819444444444,22.5,14.8,144.04791666666668,0.0,81.73788194444444,0.4454861111111111,0.9134027777777778,7.699999999999999
2024-10-08,R4-FIXED DOME,FIXED_DOME,,20.0,20.0,25.2,,,,,,,,,,,,269345.3521126761,0.0,0.0,1.0,19.122916666666665,25.1,14.9,211.44791666666663,0.0,81.80506944444444,0.6487152777777778,1.0426041666666666,10.2
2024-10-09,R4-FIXED DOME,FIXED_DOME,,20.0,20.0,24.1,,,,,,,,,,,,566.950521709862,0.0,0.0,1.0,18.85590277777778,25.6,13.5,223.86944444444444,0.0,81.84291666666667,0.7392708333333333,1.1140277777777776,12.1
2024-10-10,R4-FIXED DOME,FIXED_DOME,,20.0,20.0,22.8,,,,,,,,,,,,282.41379310344826,0.0,0.0,1.0,18.240625,23.8,13.4,213.8111111111111,0.0,81.80090277777778,0.6346527777777777,1.1184375,10.4
2024-10-11,R4-FIXED DOME,FIXED_DOME,,20.0,20.0,22.1,,,,,,,,,,,,29.60352422907489,0.0,0.0,1.0,18.771527777777777,24.6,14.4,187.04305555555555,0.0,81.80010416666667,0.7059027777777778,1.218784722222222,10.2
2024-10-12,R4-FIXED DOME,FIXED_DOME,,20.0,20.0,23.5,,,,,,,,,,,,267.9359190556492,0.0,0.0,1.0,18.365625,24.6,13.5,198.06458333333333,0.0,81.84777777777778,0.6757638888888889,1.3999652777777778,11.1
2024-10-14,R4-FIXED DOME,FIXED_DOME,,20.0,20.0,24.3,,,,,,,,,,,,-42.2401614530777,0.0,0.0,1.0,18.91076388888889,26.5,11.5,250.84583333333336,0.017,81.71770833333333,0.7989583333333333,1.0125347222222223,15.0
2024-10-15,R4-FIXED DOME,FIXED_DOME,,20.0,20.0,25.5,,,,,,,,,,,,376.8040201005025,0.0,0.0,1.0,18.338194444444444,27.0,12.3,206.53125,0.204,81.69111111111111,0.5724652777777778,0.9385416666666668,14.7
2024-10-16,R4-FIXED DOME,FIXED_DOME,,20.0,20.0,29.2,,,,,,,,,,,,244.8146922567836,0.0,0.0,1.0,19.58020833333333,26.4,15.5,183.41458333333333,0.136,81.70982638888889,0.6416666666666667,0.9232291666666668,10.9
2024-10-17,R4-FIXED DOME,FIXED_DOME,,20.0,20.0,24.6,,,,,,,,,,,,273.3669354838709,0.0,0.0,1.0,20.40173611111111,26.7,15.4,216.98055555555555,0.0,81.72086805555556,0.8789236111111111,0.8922916666666667,11.3
2024-10-18,R4-FIXED DOME,FIXED_DOME,,20.0,20.0,25.4,,,,,,,,,,,,397.97252010723867,0.0,0.0,1.0,17.844155844155843,26.5,13.5,207.99090909090907,0.0,81.67999999999999,0.5033116883116884,0.7838961038961039,13.0
2024-04-22,RI-FLEX,FLEX,,20.0,30.0,21.6,22.2,,,,,,,,,,,866.4460285132383,0.0,0.0,0.6666666666666666,18.634375,24.9,15.6,149.7076388888889,45.664,81.5026736111111,0.2607638888888888,0.824516129032258,9.3
2024-04-23,RI-FLEX,FLEX,,20.0,30.0,27.8,23.3,,,,,,,,,,,687.9454787234042,0.0,0.0,0.6666666666666666,18.97152777777778,24.4,16.0,136.0076388888889,30.557,81.4667013888889,0.2401041666666666,0.9626136363636364,8.399999999999999
2024-04-24,RI-FLEX,FLEX,,20.0,30.0,22.0,22.2,,,,,,,,,,,363.6915254237288,0.0,0.0,0.6666666666666666,18.105555555555554,24.1,15.5,138.92291666666668,29.974,81.44788194444445,0.1889236111111111,0.7051041666666666,8.600000000000001
2024-04-25,RI-FLEX,FLEX,,20.0,30.0,22.1,22.1,,,,,,,,,,,620.7488986784141,0.0,0.0,0.6666666666666666,19.136458333333334,24.1,16.1,177.97222222222223,13.837,81.39743055555556,0.2988194444444444,0.7764583333333334,8.0
2024-04-26,RI-FLEX,FLEX,,20.0,30.0,24.7,223.0,,,,,,,,,,,415.4148471615721,0.0,0.0,0.6666666666666666,17.441666666666666,23.1,15.8,101.18472222222222,5.101,81.48579861111111,0.1819791666666667,0.6486111111111111,7.300000000000001
2024-04-27,RI-FLEX,FLEX,,20.0,30.0,22.4,21.8,,,,,,,,,,,346.56398104265406,0.0,0.0,0.6666666666666666,18.668750000000003,25.0,14.9,168.24444444444444,5.206,81.41732638888888,0.3104513888888889,0.8275694444444445,10.1
2024-04-29,RI-FLEX,FLEX,,20.0,30.0,26.3,22.5,,,,,,,,,,,477.9552288673571,0.0,0.0,0.6666666666666666,17.710416666666667,22.8,14.4,102.90347222222222,28.601,81.5292013888889,0.1784375,0.7272432432432432,8.4
2024-04-30,RI-FLEX,FLEX,,20.0,30.0,26.5,21.6,,,,,,,,,,,267.9866444073456,0.0,0.0,0.6666666666666666,19.246180555555554,25.9,15.4,182.67777777777772,11.261,81.40770833333333,0.3294444444444444,0.6211111111111111,10.499999999999998
2024-05-01,RI-FLEX,FLEX,,20.0,30.0,21.3,20.9,,,,,,,,,,,197.5840978593272,0.0,0.0,0.6666666666666666,19.08194444444445,24.3,16.0,139.19722222222222,59.883,81.35878472222223,0.2757291666666666,0.5873263888888889,8.3
2024-05-02,RI-FLEX,FLEX,,20.0,30.0,24.5,23.3,,,,,,,,,,,460.6588235294117,0.0,0.0,0.6666666666666666,18.856250000000003,26.2,16.4,129.36111111111111,20.465,81.38517361111111,0.2534375,0.6594791666666667,9.8
2024-05-03,RI-FLEX,FLEX,,20.0,30.0,24.1,22.1,,,,,,,,,,,380.41736788959946,0.0,0.0,0.6666666666666666,19.53993055555556,24.7,16.4,173.70069444444445,5.905,81.45854166666668,0.3486458333333333,0.7819791666666667,8.3
2024-05-04,RI-FLEX,FLEX,,20.0,30.0,24.4,22.8,,,,,,,,,,,516.8090114324143,0.0,0.0,0.6666666666666666,18.277083333333334,24.4,15.8,104.20208333333332,29.177,81.59826388888888,0.2517013888888889,0.6540972222222222,8.599999999999998
2024-05-06,RI-FLEX,FLEX,,20.0,30.0,19.6,22.5,,,,,,,,,,,947.0095693779904,0.0,0.0,0.6666666666666666,17.500347222222224,23.1,14.8,124.59166666666668,22.468,81.64086805555556,0.2220486111111111,0.8114930555555556,8.3
2024-05-07,RI-FLEX,FLEX,,20.0,30.0,20.3,21.0,,,,,,,,,,,-50049.37947494033,0.0,0.0,0.6666666666666666,18.01944444444445,21.6,16.1,77.64305555555556,23.067,81.66024305555555,0.1868402777777777,0.9112847222222222,5.5
2024-05-08,RI-FLEX,FLEX,,20.0,30.0,0.0,,,,,,,,,,,,0.0,0.0,0.0,0.6666666666666666,17.633680555555557,21.5,15.0,92.45972222222224,0.0,81.5936111111111,0.2074305555555555,1.135486111111111,6.5
2024-05-09,RI-FLEX,FLEX,,20.0,30.0,0.0,,,,,,,,,,,,,,,0.6666666666666666,17.731250000000003,21.5,14.7,102.89513888888888,0.0,81.55402777777778,0.2844791666666666,1.141111111111111,6.800000000000001
2024-05-10,RI-FLEX,FLEX,,20.0,30.0,0.0,,,,,,,,,,,,53820.0,0.0,0.0,0.6666666666666666,17.88784722222222,22.6,15.9,92.20833333333331,0.204,81.60708333333334,0.2435763888888889,0.909652777777778,6.700000000000001
2024-05-11,RI-FLEX,FLEX,,20.0,20.0,20.2,20.7,,,,,,,,,,,220.6718963165075,0.0,0.0,1.0,19.496875000000003,25.2,15.2,199.8722222222222,0.017,81.66368055555556,0.4635763888888888,0.9291666666666668,10.0
2024-05-13,RI-FLEX,FLEX,,20.0,20.0,26.2,20.2,,,,,,,,,,,3.649732620320856,0.0,0.0,1.0,19.31631944444445,24.7,15.2,191.48194444444445,0.0,81.61340277777778,0.5412152777777778,0.844375,9.5
2024-05-14,RI-FLEX,FLEX,,20.0,20.0,25.0,22.7,,,,,,,,,,,120.01006711409396,0.0,0.0,1.0,19.054861111111112,24.3,15.6,174.80763888888887,0.476,81.62076388888889,0.4636458333333333,0.8808680555555556,8.700000000000001
2024-05-15,RI-FLEX,FLEX,,20.0,20.0,25.2,22.7,,,,,,,,,,,75.07042253521126,0.0,0.0,1.0,18.96423611111111,24.7,15.3,141.26319444444445,0.102,81.67739583333334,0.3770833333333333,0.7330208333333333,9.4
2024-05-16,RI-FLEX,FLEX,,20.0,20.0,24.5,21.2,,,,,,,,,,,786.4235294117647,0.0,0.0,1.0,18.45659722222222,25.3,14.3,131.27638888888887,12.639,81.71545138888888,0.3596527777777777,0.7402777777777777,11.0
2024-05-17,RI-FLEX,FLEX,,20.0,20.0,26.3,22.0,,,,,,,,,,,674.0628132308719,0.0,0.0,1.0,19.09861111111111,24.6,14.6,167.7173611111111,0.153,81.63090277777778,0.3497222222222222,0.8503125,10.000000000000002
2024-05-18,RI-FLEX,FLEX,,20.0,20.0,24.0,22.7,,,,,,,,,,,732.5959595959596,0.0,0.0,1.0,19.232291666666665,24.4,14.4,134.51388888888889,6.052,81.61413194444444,0.3761458333333333,0.8259745762711864,9.999999999999998
2024-05-20,RI-FLEX,FLEX,,20.0,20.0,25.0,23.0,,,,,,,,,,,1189.1073825503356,0.0,0.0,1.0,19.278125000000003,24.2,15.1,187.51388888888889,8.5,81.6178125,0.3816666666666666,0.8889236111111111,9.1
2024-05-21,RI-FLEX,FLEX,,20.0,20.0,26.1,22.0,,,,,,,,,,,766.7001003009026,0.0,0.0,1.0,18.88402777777777,24.5,16.1,159.89999999999998,7.831,81.73038194444445,0.3445833333333333,0.9878879310344828,8.399999999999999
2024-05-22,RI-FLEX,FLEX,,20.0,20.0,25.0,21.8,,,,,,,,,,,500.1946308724832,0.0,0.0,1.0,18.25555555555556,22.5,14.7,129.45208333333332,4.251,81.74763888888889,0.3042361111111111,1.051012658227848,7.800000000000001
2024-05-23,RI-FLEX,FLEX,,20.0,20.0,23.4,22.5,,,,,,,,,,,898.9473684210527,0.0,0.0,1.0,17.760416666666668,22.0,14.6,106.44513888888888,0.0,81.70871527777778,0.2743055555555556,1.147951388888889,7.4
2024-05-24,RI-FLEX,FLEX,,20.0,20.0,21.9,21.7,,,,,,,,,,,708.1892166836216,0.0,0.0,1.0,18.14409722222222,24.0,13.4,147.90277777777777,0.544,81.70572916666667,0.3689930555555555,0.9561956521739132,10.6
2024-05-25,RI-FLEX,FLEX,,20.0,20.0,24.2,21.3,,,,,,,,,,,230.56191117092868,0.0,0.0,1.0,17.484722222222224,22.4,15.0,93.13055555555556,25.749,81.70097222222222,0.1951388888888889,0.7010958904109589,7.399999999999999
2024-05-27,RI-FLEX,FLEX,,20.0,20.0,20.2,20.9,,,,,,,,,,,829.6145975443384,0.0,0.0,1.0,19.537847222222226,26.8,13.9,200.7576388888889,1.2240000000000002,81.78520833333333,0.5243055555555556,0.9951041666666666,12.9
2024-05-28,RI-FLEX,FLEX,,20.0,20.0,24.3,21.4,,,,,,,,,,,1634.510595358224,0.0,0.0,1.0,18.621875000000003,24.7,15.1,165.96319444444444,0.527,81.83913194444443,0.3752430555555556,0.9972916666666668,9.6
2024-05-29,RI-FLEX,FLEX,,20.0,20.0,22.0,21.9,,,,,,,,,,,474.7423728813559,0.0,0.0,1.0,18.33194444444445,23.6,15.2,145.34166666666667,0.238,81.76961805555555,0.3657986111111111,0.9069791666666666,8.400000000000002
2024-05-30,RI-FLEX,FLEX,,20.0,20.0,22.5,21.4,,,,,,,,,,,678.1116751269035,0.0,0.0,1.0,18.42465277777778,24.5,12.7,154.3326388888889,0.221,81.68246527777778,0.3854861111111111,0.928125,11.8
2024-05-31,RI-FLEX,FLEX,,20.0,20.0,24.6,22.0,,,,,,,,,,,699.0120967741934,0.0,0.0,1.0,18.70798611111111,24.3,13.9,175.9090277777778,0.187,81.74815972222223,0.3765625,0.9520138888888888,10.4
2024-06-01,RI-FLEX,FLEX,,20.0,20.0,26.2,22.7,,,,,,,,,,,361.3235294117647,0.0,0.0,1.0,18.10833333333333,25.0,14.3,165.65694444444443,1.0710000000000002,81.77256944444444,0.3211458333333333,0.905659722222222,10.7
2024-06-03,RI-FLEX,FLEX,,20.0,20.0,23.5,21.9,,,,,,,,,,,1041.3591905564924,0.0,0.0,1.0,18.823958333333334,23.5,15.6,126.40833333333332,0.952,81.69121527777777,0.3234722222222222,0.6792708333333333,7.9
2024-06-04,RI-FLEX,FLEX,,20.0,20.0,22.0,21.9,,,,,,,,,,,796.7898305084746,0.0,0.0,1.0,18.804513888888888,25.2,15.5,137.7201388888889,0.187,81.67913194444445,0.328125,0.6520833333333333,9.7
2024-06-05,RI-FLEX,FLEX,,20.0,20.0,25.3,20.6,,,,,,,,,,,631.4783774723433,0.0,0.0,1.0,17.960416666666667,23.2,13.9,144.85763888888889,2.7880000000000003,81.6628125,0.2921875,0.828125,9.3
2024-06-06,RI-FLEX,FLEX,,20.0,20.0,22.4,22.5,,,,,,,,,,,712.5355450236967,0.0,0.0,1.0,17.617013888888888,21.7,14.8,93.56180555555557,0.8160000000000001,81.76510416666666,0.3114583333333333,0.8808680555555556,6.899999999999999
2024-06-07,RI-FLEX,FLEX,,20.0,20.0,19.4,22.0,,,,,,,,,,,535.9165526675787,0.0,0.0,1.0,18.01284722222222,24.7,14.2,155.43194444444444,0.255,81.81798611111111,0.3282291666666667,0.7253472222222223,10.5
2024-06-08,RI-FLEX,FLEX,,20.0,20.0,22.8,20.0,,,,,,,,,,,786.3286004056795,0.0,0.0,1.0,17.073958333333334,22.8,14.4,133.28194444444443,0.153,81.76618055555555,0.2174652777777778,0.7773611111111111,8.4
2024-06-10,RI-FLEX,FLEX,,20.0,20.0,19.4,20.5,,,,,,,,,,,829.0834473324214,0.0,0.0,1.0,17.537152777777777,21.6,14.0,131.03055555555557,0.119,81.81920138888889,0.4066319444444444,0.7794097222222223,7.600000000000001
2024-06-11,RI-FLEX,FLEX,,20.0,20.0,22.1,21.0,,,,,,,,,,,802.9955947136564,0.0,0.0,1.0,16.911805555555556,20.9,12.0,129.67916666666667,0.102,81.84677083333332,0.4238194444444444,0.8822916666666667,8.899999999999999
2024-06-12,RI-FLEX,FLEX,,20.0,20.0,23.1,19.9,,,,,,,,,,,537.5177304964539,0.0,0.0,1.0,16.960416666666667,21.8,12.3,160.28680555555556,0.085,81.87194444444444,0.4258333333333333,0.8272569444444444,9.5
2024-06-13,RI-FLEX,FLEX,,20.0,20.0,23.2,24.5,,,,,,,,,,,508.7643484132343,0.0,0.0,1.0,17.0875,23.3,10.7,176.46944444444443,0.068,81.8204513888889,0.4561111111111111,0.7632986111111112,12.6
2024-06-14,RI-FLEX,FLEX,,20.0,20.0,23.2,22.3,,,,,,,,,,,680.1958136394328,0.0,0.0,1.0,17.341666666666665,23.2,11.2,173.96805555555557,0.017,81.75454861111112,0.4586805555555555,0.8838541666666667,12.0
2024-06-15,RI-FLEX,FLEX,,20.0,20.0,23.1,22.8,,,,,,,,,,,180.709219858156,0.0,0.0,1.0,17.261805555555554,22.1,12.3,148.97291666666666,0.051,81.62829861111112,0.3544097222222222,0.8703819444444444,9.8
2024-06-17,RI-FLEX,FLEX,,20.0,20.0,27.0,21.3,,,,,,,,,,,974.61,0.0,0.0,1.0,17.42013888888889,22.5,12.4,173.56597222222223,0.0,81.78243055555555,0.4585763888888888,0.8146180555555556,10.1
2024-06-18,RI-FLEX,FLEX,,20.0,20.0,24.0,22.0,,,,,,,,,,,723.4040404040404,0.0,0.0,1.0,16.821180555555557,21.9,11.7,164.48263888888889,0.136,81.81600694444444,0.4767361111111111,0.936875,10.2
2024-06-19,RI-FLEX,FLEX,,20.0,20.0,22.6,20.0,,,,,,,,,,,671.4174560216509,0.0,0.0,1.0,17.211111111111112,22.8,14.0,116.8722222222222,0.0,81.795625,0.3480555555555555,0.9133333333333334,8.8
2024-06-20,RI-FLEX,FLEX,,20.0,20.0,23.5,22.0,,,,,,,,,,,633.4704890387858,0.0,0.0,1.0,16.024305555555557,18.9,14.1,76.48541666666667,5.48,81.9203125,0.235,1.1034375,4.799999999999999
2024-06-21,RI-FLEX,FLEX,,20.0,20.0,21.0,22.4,,,,,,,,,,,413.2142857142857,0.0,0.0,1.0,15.9375,19.8,12.8,138.21458333333334,0.136,81.88788194444444,0.3404861111111111,1.461076388888889,7.0
2024-06-22,RI-FLEX,FLEX,,20.0,20.0,18.3,20.0,,,,,,,,,,,528.5684860968074,0.0,0.0,1.0,15.58472222222222,20.7,12.5,154.78819444444446,0.0,81.80746527777778,0.3682291666666666,1.0271180555555557,8.2
2024-06-24,RI-FLEX,FLEX,,20.0,20.0,19.5,20.9,,,,,,,,,,,1015.4666666666668,0.0,0.0,1.0,15.279861111111112,20.9,10.6,148.30416666666667,0.0,81.81572916666667,0.3817013888888889,0.9991666666666666,10.3
2024-06-25,RI-FLEX,FLEX,,20.0,20.0,19.9,20.1,,,,,,,,,,,408.24172072379656,0.0,0.0,1.0,15.346527777777778,22.2,9.4,190.8430555555556,0.085,81.741875,0.451875,1.0078125,12.8
2024-06-26,RI-FLEX,FLEX,,20.0,20.0,18.4,20.8,,,,,,,,,,,540.5662319835278,0.0,0.0,1.0,15.94409722222222,21.0,10.9,138.97361111111113,0.0,81.73708333333333,0.4617708333333333,1.025486111111111,10.1
2024-06-27,RI-FLEX,FLEX,,20.0,20.0,21.6,21.2,,,,,,,,,,,556.0081466395112,0.0,0.0,1.0,15.145833333333334,19.0,12.1,93.90208333333334,0.289,81.88729166666667,0.2858680555555555,1.2167708333333334,6.9
2024-06-28,RI-FLEX,FLEX,,20.0,20.0,22.8,26.8,,,,,,,,,,,512.2210953346855,0.0,0.0,1.0,14.720138888888888,19.7,10.1,140.58819444444444,0.102,81.84979166666668,0.3459722222222222,1.088854166666667,9.6
2024-06-29,RI-FLEX,FLEX,,20.0,20.0,16.6,21.3,,,,,,,,,,,442.1167127071823,0.0,0.0,1.0,16.439930555555556,22.4,12.4,187.99791666666667,0.0,81.75270833333333,0.410625,0.9500347222222224,9.999999999999998
2024-07-01,RI-FLEX,FLEX,,20.0,20.0,22.6,21.9,,,,,,,,,,,738.8362652232747,0.0,0.0,1.0,17.05763888888889,23.0,12.9,200.4875,0.0,81.87291666666667,0.5462847222222222,0.8997916666666667,10.1
2024-07-02,RI-FLEX,FLEX,,20.0,20.0,19.3,19.0,,,,,,,,,,,592.1382141635306,0.0,0.0,1.0,16.99652777777778,22.5,11.3,173.3625,0.0,81.81541666666666,0.5319791666666667,0.9193402777777776,11.2
2024-07-03,RI-FLEX,FLEX,,20.0,20.0,22.1,20.3,,,,,,,,,,,450.5286343612335,0.0,0.0,1.0,17.235763888888886,23.5,11.3,182.69791666666663,40.149,81.7742013888889,0.4747916666666667,0.9857826086956522,12.2
2024-07-04,RI-FLEX,FLEX,,20.0,20.0,21.2,18.2,,,,,,,,,,,446.3392250169953,0.0,0.0,1.0,17.353819444444444,22.9,12.9,170.66805555555555,0.0,81.75746527777778,0.4257291666666666,0.8909722222222223,9.999999999999998
2024-07-05,RI-FLEX,FLEX,,20.0,20.0,23.5,20.1,,,,,,,,,,,145.47723440134905,0.0,0.0,1.0,17.009027777777778,22.7,13.3,159.19236111111113,0.0,81.69565972222222,0.4336805555555555,0.83,9.4
2024-07-06,RI-FLEX,FLEX,,20.0,20.0,20.0,21.1,,,,,,,,,,,671.7849829351536,0.0,0.0,1.0,17.05138888888889,22.6,12.9,111.06944444444444,9.443,81.635625,0.3178819444444444,0.7051736111111111,9.7
2024-07-08,RI-FLEX,FLEX,,20.0,20.0,25.3,20.4,,,,,,,,,,,734.8944016091183,0.0,0.0,1.0,17.422222222222224,24.9,13.4,182.76041666666663,23.188,81.55388888888889,0.3270486111111111,0.9438541666666668,11.499999999999998
2024-07-09,RI-FLEX,FLEX,,20.0,20.0,21.9,21.4,,,,,,,,,,,705.4120040691761,0.0,0.0,1.0,16.80625,21.3,14.4,96.02708333333334,6.65,81.59246527777778,0.2270833333333333,0.7243055555555555,6.9
2024-07-10,RI-FLEX,FLEX,,20.0,20.0,17.8,20.3,,,,,,,,,,,342.6581843191197,0.0,0.0,1.0,15.69652777777778,18.7,13.7,64.6,43.233,81.70260416666666,0.2372916666666666,0.8872222222222222,5.0
2024-07-11,RI-FLEX,FLEX,,20.0,20.0,22.7,20.9,,,,,,,,,,,493.9296584376057,0.0,0.0,1.0,15.334375,20.2,10.3,159.94236111111113,5.151000000000001,81.77104166666668,0.3619444444444444,1.0481944444444444,9.9
2024-07-12,RI-FLEX,FLEX,,20.0,20.0,24.1,19.6,,,,,,,,,,,300.47458768091553,0.0,0.0,1.0,16.408680555555556,22.3,10.2,169.08402777777778,3.621,81.8059375,0.4885416666666666,1.069375,12.1
2024-07-13,RI-FLEX,FLEX,,20.0,20.0,20.9,19.9,,,,,,,,,,,419.8570942497449,0.0,0.0,1.0,16.302777777777777,20.2,14.2,85.91111111111111,0.0,81.82930555555555,0.2953125,0.8831944444444445,6.0
2024-07-15,RI-FLEX,FLEX,,20.0,20.0,23.7,18.7,,,,,,,,,,,755.4196157735087,0.0,0.0,1.0,17.00625,22.4,10.9,157.28819444444446,0.0,81.77690972222223,0.451423611111111,0.7861458333333333,11.499999999999998
2024-07-16,RI-FLEX,FLEX,,20.0,20.0,19.9,18.0,,,,,,,,,,,449.25230454079895,0.0,0.0,1.0,15.61875,18.1,13.8,42.49097222222222,0.0,81.74892361111111,0.2155555555555555,0.7036458333333333,4.300000000000001
2024-07-17,RI-FLEX,FLEX,,20.0,20.0,22.4,18.5,,,,,,,,,,,384.4549763033176,0.0,0.0,1.0,15.894444444444446,19.9,13.6,84.57430555555555,2.006,81.75440972222222,0.1913888888888889,0.734375,6.299999999999999
2024-07-18,RI-FLEX,FLEX,,20.0,20.0,17.1,19.6,,,,,,,,,,,1165.0258531540846,0.0,0.0,1.0,14.51388888888889,17.4,13.7,38.95625,19.163,81.7825,0.1054513888888888,0.7757291666666667,3.6999999999999993
2024-07-19,RI-FLEX,FLEX,,20.0,20.0,19.1,16.8,,,,,,,,,,,599.0859294762067,0.0,0.0,1.0,15.74375,19.2,13.2,97.51597222222222,12.444,81.68375,0.2471875,0.8190277777777778,6.0
2024-07-20,RI-FLEX,FLEX,,20.0,20.0,19.6,17.8,,,,,,,,,,,528.0861244019138,0.0,0.0,1.0,16.242708333333333,20.8,12.7,95.89166666666668,0.204,81.68527777777778,0.2933333333333333,0.8463541666666666,8.100000000000001
2024-07-22,RI-FLEX,FLEX,,20.0,20.0,18.3,19.2,,,,,,,,,,,737.5592173017508,0.0,0.0,1.0,16.923958333333335,22.1,13.4,131.02152777777778,0.0,81.83708333333334,0.3836458333333333,0.8635416666666667,8.700000000000001
2024-07-23,RI-FLEX,FLEX,,20.0,20.0,21.1,20.8,,,,,,,,,,,877.2016320979259,0.0,0.0,1.0,16.069791666666667,21.8,10.8,185.42222222222225,0.0,81.97625,0.4580208333333333,0.8598958333333333,11.0
2024-07-24,RI-FLEX,FLEX,,20.0,20.0,18.8,19.2,,,,,,,,,,,563.2145305003427,0.0,0.0,1.0,15.259722222222225,19.9,11.1,91.31041666666668,0.0,81.88875,0.3198611111111111,0.7874305555555555,8.799999999999999
2024-07-25,RI-FLEX,FLEX,,20.0,20.0,18.2,19.8,,,,,,,,,,,500.625,0.0,0.0,1.0,17.03402777777778,24.4,10.5,172.63958333333332,0.493,81.65565972222223,0.4054166666666667,0.8419791666666667,13.9
2024-07-26,RI-FLEX,FLEX,,20.0,20.0,20.2,19.5,,,,,,,,,,,544.6964529331515,0.0,0.0,1.0,17.501041666666666,25.4,14.5,157.14999999999998,42.215,81.62604166666667,0.2929861111111111,0.7526736111111112,10.9
2024-07-27,RI-FLEX,FLEX,,20.0,20.0,22.0,20.1,,,,,,,,,,,91.61694915254238,0.0,0.0,1.0,15.734375,18.6,13.8,64.5625,44.811,81.7028125,0.1431597222222222,0.8563194444444444,4.800000000000001
2024-07-29,RI-FLEX,FLEX,,20.0,20.0,20.5,21.6,,,,,,,,,,,1108.7427597955707,0.0,0.0,1.0,17.454166666666666,22.0,13.0,87.0298611111111,0.119,81.5678125,0.2849305555555556,0.6755902777777778,9.0
2024-07-30,RI-FLEX,FLEX,,20.0,20.0,20.6,20.9,,,,,,,,,,,529.0769754768392,0.0,0.0,1.0,16.617361111111112,21.7,14.2,88.47222222222223,33.17,81.60805555555555,0.2213888888888888,0.8120673076923077,7.5
2024-07-31,RI-FLEX,FLEX,,20.0,20.0,18.1,19.7,,,,,,,,,,,676.169701133631,0.0,0.0,1.0,15.248611111111112,19.7,11.7,90.74583333333334,5.018,81.69388888888889,0.2106944444444444,0.811070110701107,8.0
2024-08-01,RI-FLEX,FLEX,,20.0,20.0,19.1,19.7,,,,,,,,,,,440.2019856213625,0.0,0.0,1.0,14.883680555555555,20.7,10.4,118.61736111111112,0.136,81.80024305555555,0.28875,0.8899652777777778,10.3
2024-08-02,RI-FLEX,FLEX,,20.0,20.0,19.0,18.6,,,,,,,,,,,443.1575342465753,0.0,0.0,1.0,15.579166666666667,19.8,11.3,106.80902777777776,0.0,81.78840277777778,0.3090625,0.8297222222222222,8.5
2024-08-03,RI-FLEX,FLEX,,20.0,20.0,19.1,19.7,,,,,,,,,,,500.0171174255392,0.0,0.0,1.0,16.366666666666667,20.2,13.4,118.52361111111112,0.0,81.75538194444444,0.3238194444444444,0.9982986111111112,6.799999999999999
2024-08-05,RI-FLEX,FLEX,,20.0,20.0,23.3,20.1,,,,,,,,,,,781.3162335470806,0.0,0.0,1.0,17.388541666666665,26.0,9.6,235.00625,0.136,81.63586805555556,0.6911111111111111,0.9636805555555557,16.4
2024-08-06,RI-FLEX,FLEX,,20.0,20.0,26.1,21.8,,,,,,,,,,,701.8956870611835,0.0,0.0,1.0,17.288194444444443,24.8,10.8,160.59444444444443,0.119,81.63746527777778,0.5322916666666667,0.9267708333333334,14.0
2024-08-07,RI-FLEX,FLEX,,20.0,20.0,26.1,19.2,,,,,,,,,,,256.4794383149448,0.0,0.0,1.0,16.448958333333334,21.7,10.8,159.25,0.017,81.6778125,0.4502777777777778,1.0095486111111112,10.9
2024-08-08,RI-FLEX,FLEX,,20.0,20.0,20.9,19.6,,,,,,,,,,,496.95474651241926,0.0,0.0,1.0,15.87326388888889,18.7,14.0,65.17083333333333,4.063,81.68802083333334,0.1894791666666666,0.7853472222222222,4.699999999999999
2024-08-09,RI-FLEX,FLEX,,20.0,20.0,16.4,17.5,,,,,,,,,,,472.6088458880442,0.0,0.0,1.0,15.419791666666663,17.7,14.0,58.43055555555556,2.244,81.73399305555556,0.1151388888888889,0.8594791666666667,3.6999999999999993
2024-08-10,RI-FLEX,FLEX,,20.0,20.0,16.2,18.8,,,,,,,,,,,484.2634854771785,0.0,0.0,1.0,15.988541666666666,21.4,13.0,143.59583333333333,0.017,81.744375,0.2752777777777778,0.9682291666666668,8.399999999999999
2024-08-12,RI-FLEX,FLEX,,20.0,20.0,17.6,18.2,,,,,,,,,,,806.0357880247763,0.0,0.0,1.0,16.264930555555555,21.9,13.8,83.48541666666667,0.085,81.59732638888889,0.2506597222222222,0.8111458333333333,8.099999999999998
2024-08-13,RI-FLEX,FLEX,,20.0,20.0,18.4,18.8,,,,,,,,,,,637.9993136582018,0.0,0.0,1.0,17.014583333333334,22.7,13.5,142.57222222222222,0.0,81.66416666666666,0.4165625,0.8456944444444444,9.2
2024-08-14,RI-FLEX,FLEX,,20.0,20.0,21.7,18.4,,,,,,,,,,,736.4608076009501,0.0,0.0,1.0,17.42638888888889,23.4,12.9,160.10902777777778,0.0,81.64725694444445,0.4255555555555556,0.7254513888888889,10.499999999999998
2024-08-15,RI-FLEX,FLEX,,20.0,20.0,20.4,19.2,,,,,,,,,,,679.2433537832312,0.0,0.0,1.0,17.304861111111112,22.9,14.1,140.48194444444445,0.0,81.70309027777779,0.3462847222222222,0.8311805555555556,8.799999999999999
2024-08-16,RI-FLEX,FLEX,,20.0,20.0,17.8,19.9,,,,,,,,,,,580.171939477304,0.0,0.0,1.0,16.986458333333335,22.0,14.0,116.39791666666666,0.221,81.74118055555556,0.38625,0.8304513888888888,8.0
2024-08-17,RI-FLEX,FLEX,,20.0,20.0,23.3,21.2,,,,,,,,,,,468.9740128248396,0.0,0.0,1.0,16.403125000000003,22.7,10.4,160.10069444444446,0.051,81.68444444444444,0.5339583333333333,0.9672916666666668,12.3
2024-08-19,RI-FLEX,FLEX,,20.0,20.0,18.5,20.1,,,,,,,,,,,816.6586620926244,0.0,0.0,1.0,15.767013888888888,22.7,9.3,170.2513888888889,0.085,81.79642361111111,0.4767013888888888,0.9527083333333332,13.4
2024-08-20,RI-FLEX,FLEX,,20.0,20.0,21.6,20.9,,,,,,,,,,,581.0285132382892,0.0,0.0,1.0,16.16111111111111,21.8,11.2,110.16041666666666,0.0,81.7709375,0.4032986111111111,0.7400694444444444,10.6
2024-08-21,RI-FLEX,FLEX,,20.0,20.0,15.8,18.2,,,,,,,,,,,653.1959833795013,0.0,0.0,1.0,15.266319444444443,18.3,13.2,61.07083333333334,0.0,81.6711111111111,0.3121180555555555,0.8912152777777779,5.100000000000001
2024-08-22,RI-FLEX,FLEX,,20.0,20.0,16.0,20.4,,,,,,,,,,,490.2664359861592,0.0,0.0,1.0,15.710763888888888,20.5,12.9,108.94236111111113,0.578,81.6854861111111,0.3245138888888889,0.7725347222222223,7.6
2024-08-23,RI-FLEX,FLEX,,20.0,20.0,19.1,20.8,,,,,,,,,,,511.2324546388223,0.0,0.0,1.0,15.923958333333337,20.0,12.8,92.77638888888887,0.034,81.74090277777778,0.3332638888888889,0.8298263888888889,7.199999999999999
2024-08-24,RI-FLEX,FLEX,,20.0,20.0,16.2,19.4,,,,,,,,,,,499.3672199170125,0.0,0.0,1.0,15.507638888888888,18.6,13.4,57.23194444444445,0.0,81.81902777777778,0.3025694444444444,0.7604861111111112,5.200000000000001
2024-08-26,RI-FLEX,FLEX,,20.0,20.0,17.1,18.4,,,,,,,,,,,750.0206825232677,0.0,0.0,1.0,16.156944444444445,20.9,13.0,115.22361111111113,0.0,81.83121527777777,0.3667361111111111,0.8623611111111111,7.899999999999999
2024-08-27,RI-FLEX,FLEX,,20.0,20.0,20.2,19.9,,,,,,,,,,,510.2455661664393,0.0,0.0,1.0,17.530555555555555,22.1,14.9,135.30347222222224,0.0849999999999999,81.83993055555555,0.3815972222222222,0.9602777777777778,7.200000000000001
2024-08-28,RI-FLEX,FLEX,,20.0,20.0,22.9,19.1,,,,,,,,,,,348.7461980398783,0.0,0.0,1.0,18.48888888888889,24.2,14.4,185.35625,0.0,81.82357638888888,0.506875,1.0154166666666666,9.8
2024-08-29,RI-FLEX,FLEX,,20.0,20.0,22.1,19.6,,,,,,,,,,,685.5066079295154,0.0,0.0,1.0,18.82986111111111,25.6,14.7,190.75833333333333,0.0,81.76934027777777,0.6009722222222222,0.9830902777777778,10.900000000000002
2024-08-30,RI-FLEX,FLEX,,20.0,20.0,21.7,20.1,,,,,,,,,,,623.4441805225654,0.0,0.0,1.0,18.23090277777778,24.3,14.2,187.425,0.0,81.79670138888889,0.6034375,1.0077083333333334,10.1
2024-08-31,RI-FLEX,FLEX,,20.0,20.0,18.1,19.8,,,,,,,,,,,722.1229817931982,0.0,0.0,1.0,16.93402777777778,22.5,12.0,166.52152777777778,0.0,81.81024305555555,0.5228472222222222,1.19625,10.5
2024-09-02,RI-FLEX,FLEX,,20.0,20.0,18.3,21.6,,,,,,,,,,,789.1040164778578,0.0,0.0,1.0,15.999305555555557,20.2,12.1,85.70347222222222,0.0,81.8528125,0.3901388888888888,0.7965972222222222,8.1
2024-09-03,RI-FLEX,FLEX,,20.0,20.0,16.3,20.8,,,,,,,,,,,929.502246802627,0.0,0.0,1.0,16.779861111111114,20.6,14.3,84.11944444444445,0.0,81.78472222222223,0.3541666666666667,0.8680902777777777,6.300000000000001
2024-09-04,RI-FLEX,FLEX,,20.0,20.0,19.6,19.7,,,,,,,,,,,528.0861244019138,0.0,0.0,1.0,15.417708333333334,19.3,13.6,62.04583333333333,10.0,81.8176388888889,0.22,0.9241319444444444,5.700000000000001
2024-09-05,RI-FLEX,FLEX,,20.0,20.0,20.0,19.5,,,,,,,,,,,463.0750853242321,0.0,0.0,1.0,16.683333333333334,21.3,12.5,104.90972222222224,0.0,81.78065972222223,0.4536458333333333,0.8354861111111112,8.8
2024-09-06,RI-FLEX,FLEX,,20.0,20.0,23.6,20.6,,,,,,,,,,,404.0694538098449,0.0,0.0,1.0,16.79340277777778,20.2,14.1,118.73958333333331,0.0,81.8528125,0.3759027777777778,1.155486111111111,6.1
2024-09-07,RI-FLEX,FLEX,,20.0,20.0,23.4,21.2,,,,,,,,,,,525.0,0.0,0.0,1.0,17.71527777777778,23.1,12.5,187.3763888888889,0.0,81.87934027777777,0.5688888888888889,0.9213888888888888,10.6
2024-09-08,RI-FLEX,FLEX,,20.0,20.0,0.0,0.0,,,,,,,,,,,-120564.0,0.0,0.0,1.0,18.276041666666668,25.3,13.9,170.81875000000002,0.034,81.83545138888888,0.6507291666666667,0.8527777777777777,11.4
2024-09-09,RI-FLEX,FLEX,,20.0,20.0,0.0,0.0,,,,,,,,,,,0.0,0.0,0.0,1.0,19.013541666666665,26.5,12.3,220.28819444444449,0.0,81.760625,0.7691666666666667,0.8623611111111111,14.2
2024-09-10,RI-FLEX,FLEX,,20.0,20.0,0.0,0.0,,,,,,,,,,,0.0,0.0,0.0,1.0,19.040972222222223,26.3,12.2,249.63541666666663,0.017,81.73395833333333,0.7567708333333333,1.026111111111111,14.1
2024-09-12,RI-FLEX,FLEX,,20.0,20.0,0.0,0.0,,,,,,,,,,,0.0,0.0,0.0,1.0,18.234375,25.7,12.5,193.63472222222225,0.0,81.74260416666667,0.7033680555555555,0.9269444444444443,13.2
2024-09-13,RI-FLEX,FLEX,,20.0,20.0,0.0,0.0,,,,,,,,,,,0.0,0.0,0.0,1.0,18.152083333333334,25.9,11.9,224.09722222222223,0.0,81.796875,0.7545138888888889,0.9939930555555556,13.999999999999998
2024-09-14,RI-FLEX,FLEX,,20.0,20.0,0.0,0.0,,,,,,,,,,,124100.0,,,1.0,17.884027777777778,25.0,11.6,260.3701388888889,0.102,81.82548611111112,0.9001041666666667,1.1232291666666667,13.4
2024-09-16,RI-FLEX,FLEX,,20.0,20.0,28.3,21.2,,,,,,,,,,,1178.8018586126784,0.0,0.0,1.0,17.639236111111114,25.4,11.4,197.96319444444444,0.0,81.77006944444445,0.6252777777777778,1.0418402777777778,13.999999999999998
2024-09-17,RI-FLEX,FLEX,,20.0,20.0,28.9,22.3,,,,,,,,,,,1334.706856575025,0.0,0.0,1.0,17.402083333333334,23.3,13.6,131.3465277777778,0.0,81.84909722222223,0.5202430555555556,0.8516319444444445,9.7
2024-09-18,RI-FLEX,FLEX,,20.0,20.0,28.9,21.9,,,,,,,,,,,313.7827095064591,0.0,0.0,1.0,18.56493055555556,26.0,13.2,205.4020833333333,0.0,81.70413194444444,0.6698958333333334,0.935,12.8
2024-09-19,RI-FLEX,FLEX,,20.0,20.0,19.2,22.8,,,,,,,,,,,525.0718685831622,0.0,0.0,1.0,18.922222222222224,26.6,12.9,216.0548611111111,0.0,81.51413194444444,0.6530555555555556,0.9260069444444444,13.7
2024-09-20,RI-FLEX,FLEX,,20.0,20.0,25.0,21.7,,,,,,,,,,,418.6610738255033,0.0,0.0,1.0,19.163541666666667,27.6,14.2,208.24513888888887,9.513,81.60881944444445,0.6252083333333334,0.8598263888888888,13.400000000000002
2024-09-21,RI-FLEX,FLEX,,20.0,20.0,24.8,20.6,,,,,,,,,,,790.2149093351243,0.0,0.0,1.0,18.25451388888889,25.5,14.5,178.79791666666668,2.127,81.6490625,0.4596874999999999,0.8586458333333333,11.0
2024-09-23,RI-FLEX,FLEX,,20.0,20.0,27.0,23.1,,,,,,,,,,,2536.17,0.0,0.0,1.0,17.080208333333335,21.7,13.2,107.15416666666668,0.0,81.75628472222223,0.5379513888888889,0.9503125,8.5
2024-09-24,RI-FLEX,FLEX,,20.0,20.0,23.7,21.8,,,,,,,,,,,189.54499494438824,0.0,0.0,1.0,17.56527777777778,23.6,11.9,175.99930555555557,0.0,81.72840277777777,0.6088194444444445,0.9560069444444445,11.7
2024-09-25,RI-FLEX,FLEX,,20.0,20.0,23.4,22.0,,,,,,,,,,,745.1315789473684,0.0,0.0,1.0,17.82534722222222,23.1,14.2,119.54513888888889,0.0,81.7396875,0.5777430555555555,0.829201388888889,8.900000000000002
2024-09-26,RI-FLEX,FLEX,,20.0,20.0,21.4,20.8,,,,,,,,,,,485.91032608695656,0.0,0.0,1.0,18.251388888888886,26.1,10.3,215.0111111111111,0.034,81.67979166666666,0.6718055555555555,1.0795486111111112,15.8
2024-09-27,RI-FLEX,FLEX,,20.0,20.0,19.5,21.0,,,,,,,,,,,713.0666666666667,0.0,0.0,1.0,18.89375,25.8,14.3,177.80555555555554,8.441,81.60711805555555,0.5049652777777778,0.8511458333333333,11.5
2024-09-28,RI-FLEX,FLEX,,20.0,20.0,25.1,21.9,,,,,,,,,,,433.1734317343173,0.0,0.0,1.0,18.01944444444445,25.4,13.5,162.79861111111111,0.459,81.4990625,0.4437847222222222,0.9344444444444444,11.9
2024-09-30,RI-FLEX,FLEX,,20.0,20.0,25.1,22.0,,,,,,,,,,,1990.9493458570944,0.0,0.0,1.0,18.740972222222226,26.2,14.7,204.1888888888889,2.754,81.51243055555557,0.4861805555555556,0.9633935018050542,11.5
2024-10-01,RI-FLEX,FLEX,,20.0,20.0,28.5,21.5,,,,,,,,,,,394.7860696517413,0.0,0.0,1.0,20.03368055555556,26.3,14.4,235.73194444444445,0.0,81.46791666666667,0.7261111111111112,1.1946527777777778,11.9
2024-10-02,RI-FLEX,FLEX,,20.0,20.0,26.5,20.8,,,,,,,,,,,884.1736227045076,0.0,0.0,1.0,19.06111111111112,24.0,15.9,171.61944444444444,0.0,81.56246527777779,0.5744791666666667,1.361701388888889,8.1
2024-10-03,RI-FLEX,FLEX,,20.0,20.0,26.9,21.1,,,,,,,,,,,439.676558852951,0.0,0.0,1.0,17.882986111111112,23.1,13.6,160.60625,0.0,81.7117013888889,0.5448958333333334,1.1876736111111112,9.500000000000002
2024-10-04,RI-FLEX,FLEX,,20.0,20.0,28.2,20.8,,,,,,,,,,,542.9183266932272,0.0,0.0,1.0,18.339930555555554,24.9,11.2,231.5111111111111,0.034,81.77416666666666,0.7812152777777778,1.1527777777777777,13.7
2024-10-05,RI-FLEX,FLEX,,20.0,20.0,23.2,20.9,,,,,,,,,,,158.52802160702228,0.0,0.0,1.0,17.814583333333335,22.8,14.7,120.28680555555556,0.0,81.73538194444444,0.4985069444444444,1.1299652777777778,8.100000000000001
2024-10-07,RI-FLEX,FLEX,,20.0,20.0,23.5,20.0,,,,,,,,,,,183.2276559865093,0.0,0.0,1.0,17.853819444444444,22.5,14.8,144.04791666666668,0.0,81.73788194444444,0.4454861111111111,0.9134027777777778,7.699999999999999
2024-10-08,RI-FLEX,FLEX,,20.0,20.0,26.0,21.2,,,,,,,,,,,35488.17391304347,0.0,0.0,1.0,19.122916666666665,25.1,14.9,211.44791666666663,0.0,81.80506944444444,0.6487152777777778,1.0426041666666666,10.2
2024-10-09,RI-FLEX,FLEX,,20.0,20.0,19.8,23.9,,,,,,,,,,,910.0,0.0,0.0,1.0,18.85590277777778,25.6,13.5,223.86944444444444,0.0,81.84291666666667,0.7392708333333333,1.1140277777777776,12.1
2024-10-10,RI-FLEX,FLEX,,20.0,20.0,19.1,22.7,,,,,,,,,,,943.9575487846628,0.0,0.0,1.0,18.240625,23.8,13.4,213.8111111111111,0.0,81.80090277777778,0.6346527777777777,1.1184375,10.4
2024-10-11,RI-FLEX,FLEX,,20.0,20.0,25.0,22.6,,,,,,,,,,,737.4664429530201,0.0,0.0,1.0,18.771527777777777,24.6,14.4,187.04305555555555,0.0,81.80010416666667,0.7059027777777778,1.218784722222222,10.2
2024-10-12,RI-FLEX,FLEX,,20.0,20.0,23.7,22.3,,,,,,,,,,,1291.850353892821,0.0,0.0,1.0,18.365625,24.6,13.5,198.06458333333333,0.0,81.84777777777778,0.6757638888888889,1.3999652777777778,11.1
2024-10-14,RI-FLEX,FLEX,,20.0,20.0,22.2,22.8,,,,,,,,,,,1346.5040650406504,0.0,0.0,1.0,18.91076388888889,26.5,11.5,250.84583333333336,0.017,81.71770833333333,0.7989583333333333,1.0125347222222223,15.0
2024-10-15,RI-FLEX,FLEX,,20.0,20.0,22.4,21.8,,,,,,,,,,,1173.696682464455,0.0,0.0,1.0,18.338194444444444,27.0,12.3,206.53125,0.204,81.69111111111111,0.5724652777777778,0.9385416666666668,14.7
2024-10-16,RI-FLEX,FLEX,,20.0,20.0,24.3,22.0,,,,,,,,,,,828.2744702320888,0.0,0.0,1.0,19.58020833333333,26.4,15.5,183.41458333333333,0.136,81.70982638888889,0.6416666666666667,0.9232291666666668,10.9
2024-10-17,RI-FLEX,FLEX,,20.0,20.0,25.2,20.5,,,,,,,,,,,758.943661971831,0.0,0.0,1.0,20.40173611111111,26.7,15.4,216.98055555555555,0.0,81.72086805555556,0.8789236111111111,0.8922916666666667,11.3
2024-10-18,RI-FLEX,FLEX,,20.0,20.0,26.9,21.2,,,,,,,,,,,589.8766255418473,0.0,0.0,1.0,17.844155844155843,26.5,13.5,207.99090909090907,0.0,81.67999999999999,0.5033116883116884,0.7838961038961039,13.0
